ID,Age,Income,Experience_Years,Education_Level,City,Work_Hours_Per_Week,Remote_Work,Productivity_Score
1,56,1226.46,12,PhD,Valparaíso,43,no,423.0
2,69,791.92,37,Bachelor,Valparaíso,26,yes,231.16
3,46,1007.04,7,phd,Concepcion,38,Yes,332.17
4,32,1052.47,19,Bachelor,Concepción,41,no,282.51
5,60,675.79,32,Bachelors,,54,Yes,197.29
6,25,,25,Master,Santiago,49,Yes,286.86
7,38,964.68,38,Bachelors,Concepcion,48,no,297.07
8,56,572.71,20,phd,Santiago,41,no,180.93
9,36,1210.52,8,,Valparaíso,30,no,344.99
10,40,790.3,23,High School,Concepcion,39,no,192.86
11,28,4108.8,36,phd,Concepcion,100,no,298.9
12,28,563.16,16,PhD,santiago,53,Yes,152.01
13,41,605.14,23,Bachelors,Valparaíso,20,No,197.71
14,53,250.87,20,Bachelors,Valparaíso,50,No,96.32
15,57,813.79,38,bachelor,Concepción,49,no,262.6
16,41,,38,Bachelor,Concepcion,37,Yes,418.27
17,20,,12,PhD,,36,No,197.2
18,39,1544.05,10,,Concepcion,57,No,472.23
19,19,1153.56,18,,,33,No,354.43
20,41,,10,Bachelors,Concepción,100,Yes,206.35
21,61,806.82,12,PhD,santiago,44,no,289.71
22,47,766.22,0,phd,Concepcion,34,no,201.16
23,55,1226.54,39,phd,Valparaíso,41,no,391.72
24,19,929.25,18,Bachelor,Valparaíso,22,yes,267.52
25,38,1095.49,11,bachelor,Concepcion,38,yes,268.46
26,50,889.54,7,Bachelors,Concepcion,53,yes,200.88
27,29,772.01,7,bachelor,Concepcion,54,Yes,193.86
28,39,881.61,11,phd,Valparaiso,20,No,246.23
29,61,698.26,32,phd,Valparaíso,40,No,282.67
30,42,436.95,25,Master,Concepción,48,Yes,154.94
31,66,1003.42,38,High School,Valparaíso,25,Yes,338.68
32,44,424.71,27,Bachelor,Valparaiso,56,no,110.6
33,59,,4,Master,Concepcion,20,no,219.68
34,45,690.03,7,High School,santiago,20,yes,275.69
35,33,960.84,24,Master,Concepcion,46,yes,254.62
36,32,1191.18,26,Master,Concepcion,40,Yes,376.04
37,64,1101.24,22,Bachelor,Valparaiso,35,yes,382.71
38,68,968.11,29,Bachelor,Valparaíso,59,No,322.11
39,61,642.53,22,PhD,Concepcion,45,Yes,248.81
40,69,754.13,19,bachelor,Valparaíso,35,Yes,235.12
41,20,717.68,17,,Santiago,47,No,232.51
42,54,682.43,17,PhD,Concepción,20,no,212.52
43,68,699.39,1,PhD,Valparaíso,55,no,215.32
44,24,692.72,3,phd,santiago,29,No,176.06
45,38,681.64,29,High School,Concepción,36,No,235.56
46,26,,32,Master,santiago,42,yes,327.82
47,56,536.34,35,PhD,Concepcion,26,Yes,175.08
48,35,617.63,17,Bachelors,Concepción,26,yes,240.98
49,21,404.15,36,bachelor,Valparaíso,34,No,124.48
50,42,,18,PhD,Concepción,53,yes,380.8
51,31,600.87,27,Bachelors,Concepcion,23,No,228.38
52,67,965.19,39,Bachelors,Valparaiso,33,yes,328.12
53,26,918.83,19,Bachelors,santiago,33,yes,249.6
54,43,1129.71,32,phd,Concepcion,35,no,358.69
55,19,747.5,11,phd,,26,No,283.3
56,37,563.12,14,Bachelors,Concepción,51,yes,111.18
57,45,411.06,38,High School,Concepción,38,Yes,129.09
58,64,103.84,1,phd,Concepcion,21,yes,62.32
59,24,840.34,28,Master,Valparaíso,29,yes,256.84
60,61,993.87,9,Bachelors,Concepción,36,Yes,319.76
61,25,917.92,1,Master,Valparaíso,56,No,306.95
62,64,417.56,10,Master,Valparaíso,31,no,131.03
63,52,1059.71,12,Bachelors,Valparaíso,25,no,334.18
64,31,625.45,9,,Santiago,41,no,186.69
65,34,573.27,13,High School,Valparaiso,51,Yes,177.22
66,53,619.84,17,Bachelors,Valparaiso,39,yes,249.73
67,67,,8,Bachelors,Concepción,20,No,243.96
68,57,428.82,38,phd,Concepción,25,yes,132.05
69,21,790.74,27,Bachelors,Valparaíso,38,no,274.37
70,19,,2,bachelor,Santiago,37,yes,240.52
71,23,1076.83,19,phd,Valparaíso,25,Yes,309.11
72,59,843.99,5,Bachelor,Santiago,52,Yes,227.05
73,21,465.09,26,,,42,No,136.45
74,46,837.22,1,,santiago,42,No,236.9
75,35,534.94,28,,santiago,45,no,186.45
76,43,520.51,37,,Concepcion,32,No,157.98
77,61,459.32,2,bachelor,Valparaíso,26,yes,155.78
78,51,,15,PhD,Concepción,34,Yes,123.28
79,27,,29,,Valparaiso,46,Yes,183.16
80,53,1082.22,39,Bachelor,Concepcion,45,Yes,360.45
81,31,6820.599999999999,1,Master,Concepción,100,No,427.34
82,48,656.6,16,Bachelor,santiago,34,Yes,145.35
83,65,1071.53,11,bachelor,Valparaíso,55,Yes,324.76
84,32,701.35,34,bachelor,Concepcion,46,Yes,203.01
85,25,387.32,0,,Valparaíso,24,no,150.49
86,31,975.24,14,PhD,santiago,21,no,279.87
87,40,858.7,25,phd,Concepcion,52,No,219.53
88,57,1254.5,36,High School,,35,Yes,386.46
89,38,416.33,20,bachelor,,42,No,99.59
90,33,1499.01,30,Master,santiago,57,Yes,478.79
91,62,1197.93,24,Bachelor,,35,Yes,340.12
92,35,795.52,22,,Valparaiso,33,Yes,242.53
93,64,725.34,23,PhD,,48,No,265.88
94,41,621.05,37,Bachelors,Concepción,45,No,228.77
95,43,827.43,27,Master,Valparaiso,54,Yes,265.26
96,42,754.02,20,PhD,,34,yes,225.58
97,62,928.45,17,Bachelors,Concepcion,22,No,294.12
98,58,726.41,35,,Concepcion,42,no,247.69
99,46,1153.74,34,Master,Valparaiso,48,No,323.92
100,32,831.26,8,Bachelor,Concepcion,53,Yes,268.32
101,62,735.8,37,High School,santiago,52,yes,195.79
102,18,1056.07,29,Master,Valparaiso,42,Yes,340.09
103,42,,33,phd,Valparaíso,26,no,96.4
104,24,,31,PhD,santiago,22,No,335.56
105,26,806.39,2,bachelor,santiago,51,No,255.62
106,41,,2,Bachelor,santiago,50,Yes,78.51
107,18,372.87,27,High School,Valparaíso,37,Yes,117.93
108,61,1052.59,14,High School,Santiago,26,no,301.93
109,25,,22,Bachelors,Concepción,20,yes,300.02
110,41,,39,PhD,Concepcion,33,no,270.26
111,28,1229.16,10,bachelor,Valparaiso,51,yes,335.71
112,68,910.24,31,Master,Santiago,25,No,306.42
113,34,1112.45,35,bachelor,Valparaiso,58,yes,360.77
114,25,905.08,32,PhD,Concepcion,29,yes,292.27
115,52,731.05,23,PhD,Valparaíso,26,No,225.03
116,52,535.62,38,phd,santiago,45,No,190.48
117,50,649.14,33,phd,santiago,53,No,224.38
118,22,735.72,27,bachelor,,49,no,238.06
119,59,1140.79,36,Master,Santiago,55,No,309.88
120,56,992.48,6,bachelor,Santiago,40,Yes,269.09
121,58,882.58,3,PhD,Valparaiso,36,No,251.03
122,45,5087.5,36,,Valparaíso,100,No,268.58
123,24,931.85,0,,Santiago,29,No,280.48
124,26,,0,phd,Valparaíso,31,yes,295.77
125,25,425.34,19,Bachelors,Concepcion,35,no,167.65
126,29,1084.79,18,Bachelor,santiago,51,No,346.43
127,51,685.37,28,PhD,,34,no,234.64
128,50,1072.14,9,Bachelors,santiago,46,Yes,383.4
129,65,,17,bachelor,,47,Yes,353.31
130,40,,27,phd,Valparaíso,36,No,223.82
131,41,1037.43,34,phd,Valparaiso,21,Yes,280.86
132,54,709.75,30,Master,santiago,55,no,256.91
133,52,711.24,26,bachelor,Valparaiso,26,yes,233.13
134,61,864.37,10,Master,santiago,32,No,255.52
135,57,871.12,37,Bachelors,Valparaiso,34,Yes,263.21
136,39,809.64,4,High School,Valparaiso,44,no,219.63
137,44,466.43,7,Bachelor,Concepcion,42,no,172.73
138,52,769.64,33,bachelor,,41,Yes,238.34
139,18,1369.62,11,,Valparaíso,45,no,392.04
140,52,104.0,37,bachelor,Valparaiso,52,no,16.15
141,54,1017.44,0,Master,santiago,30,No,304.35
142,64,1064.28,30,Bachelors,Valparaiso,29,no,317.7
143,31,460.41,3,bachelor,,44,Yes,113.19
144,20,682.64,4,High School,Concepción,56,No,154.13
145,18,549.82,29,bachelor,santiago,57,Yes,196.83
146,22,1263.49,23,phd,Santiago,43,yes,377.81
147,43,1075.76,2,Bachelor,santiago,59,Yes,279.37
148,31,1087.86,10,,Valparaíso,52,Yes,312.82
149,56,830.16,3,phd,Concepción,36,No,259.82
150,44,,25,Bachelor,Concepción,43,no,343.17
151,26,797.94,26,High School,Valparaíso,56,Yes,246.91
152,32,1139.79,26,Bachelors,Concepción,21,No,352.01
153,32,,5,phd,Valparaíso,51,yes,182.84
154,43,630.19,14,Bachelors,,43,No,215.91
155,59,1252.74,29,phd,Concepcion,28,No,333.47
156,30,794.79,36,PhD,,23,no,265.68
157,68,575.3,36,Bachelor,Valparaíso,36,Yes,201.86
158,49,572.59,36,phd,santiago,36,yes,175.98
159,56,573.36,34,PhD,Santiago,49,No,189.81
160,66,1011.11,22,Master,,59,Yes,294.22
161,69,775.28,5,PhD,Santiago,30,Yes,240.05
162,49,1374.49,3,bachelor,Concepción,40,No,435.63
163,21,1096.54,17,,santiago,40,Yes,305.7
164,47,864.28,8,PhD,Concepcion,37,No,276.1
165,54,1150.97,28,,Concepción,48,No,400.46
166,40,676.12,12,Master,Concepcion,43,No,208.17
167,56,336.3,16,High School,Concepción,29,yes,88.0
168,62,552.6,31,phd,Santiago,36,No,241.98
169,32,836.8,21,bachelor,Valparaíso,37,no,256.8
170,60,744.36,3,High School,,39,Yes,223.95
171,46,1006.1,4,PhD,Valparaiso,56,yes,300.2
172,53,768.85,36,High School,Valparaiso,37,Yes,254.69
173,30,987.01,12,High School,Santiago,36,yes,284.74
174,49,1175.24,33,Master,santiago,28,no,369.17
175,24,768.08,21,High School,santiago,33,yes,262.89
176,68,938.79,22,High School,Santiago,48,yes,271.83
177,39,361.3,2,phd,santiago,50,yes,86.79
178,45,769.03,33,Master,Valparaíso,23,Yes,233.85
179,19,492.01,31,bachelor,Santiago,37,No,122.77
180,59,836.31,20,PhD,Valparaíso,39,Yes,232.61
181,62,859.0,20,Master,santiago,28,No,240.39
182,23,858.17,10,Master,Santiago,32,Yes,256.04
183,45,,38,Bachelor,santiago,34,no,241.28
184,45,1374.62,3,Master,Santiago,46,no,448.3
185,61,482.99,0,Bachelor,santiago,34,yes,139.81
186,61,467.71,27,PhD,Valparaíso,47,no,158.11
187,37,1213.74,23,High School,Valparaíso,56,yes,371.72
188,47,,34,,santiago,38,No,133.78
189,28,563.83,12,,Santiago,45,no,131.71
190,45,1375.73,33,PhD,Valparaiso,45,No,443.06
191,42,1046.43,10,PhD,Valparaíso,44,Yes,335.88
192,56,651.38,35,Bachelors,,45,No,228.98
193,50,854.38,16,High School,Concepción,45,Yes,249.98
194,18,1286.47,34,PhD,Valparaiso,47,No,333.7
195,44,972.91,17,Master,santiago,37,No,262.12
196,69,1121.54,39,phd,Santiago,51,no,319.5
197,30,1001.2,21,,Concepción,22,No,325.32
198,58,,23,phd,santiago,21,no,306.35
199,20,809.94,18,Bachelor,Concepcion,52,no,292.29
200,56,4014.2000000000003,36,phd,Valparaíso,100,yes,295.28
201,23,866.76,38,Bachelors,Concepcion,36,yes,322.04
202,25,983.61,20,High School,Valparaíso,52,Yes,267.19
203,44,,7,PhD,Valparaíso,31,No,230.78
204,26,830.51,27,High School,Concepcion,22,Yes,243.93
205,54,722.41,4,PhD,Concepcion,45,No,219.56
206,50,828.92,16,phd,santiago,54,yes,221.71
207,68,487.25,36,bachelor,Concepción,27,yes,195.56
208,59,1451.49,35,,Concepción,55,No,418.34
209,61,616.76,18,Bachelors,Concepcion,26,No,130.41
210,41,709.63,26,Bachelor,santiago,55,yes,275.9
211,32,595.18,33,phd,,35,yes,201.33
212,49,953.93,10,PhD,santiago,43,Yes,250.51
213,49,751.0,11,phd,santiago,20,yes,221.93
214,41,559.05,20,Bachelors,Valparaíso,44,No,151.61
215,58,964.22,10,Master,Concepción,29,Yes,288.64
216,69,997.91,38,Master,Concepción,35,No,335.46
217,66,783.28,27,Bachelors,Valparaíso,35,no,260.86
218,66,634.09,4,PhD,Concepcion,27,Yes,194.44
219,69,1347.77,16,High School,Valparaíso,48,No,402.89
220,29,,19,Bachelors,Concepción,58,yes,295.77
221,56,481.48,11,PhD,Concepción,47,no,82.78
222,19,1153.51,5,bachelor,Concepcion,25,No,321.09
223,20,586.06,16,,,35,Yes,147.46
224,66,1485.47,18,PhD,Santiago,39,No,477.03
225,54,819.91,25,Bachelors,Santiago,35,no,229.3
226,66,1053.33,31,Bachelors,,26,Yes,287.72
227,34,280.0,5,High School,Valparaíso,33,no,96.38
228,66,478.96,35,High School,Valparaíso,45,No,124.93
229,19,1133.46,37,PhD,santiago,45,yes,339.02
230,19,,10,PhD,Concepción,33,yes,333.67
231,45,1310.6,32,Bachelor,Valparaiso,26,No,427.59
232,40,921.29,23,Bachelors,Concepcion,52,No,271.16
233,54,836.32,22,Master,Valparaiso,45,No,249.26
234,49,1228.39,14,Bachelors,Valparaiso,39,Yes,394.94
235,50,1052.53,26,Bachelors,Concepcion,22,no,344.25
236,18,750.93,10,PhD,,23,no,227.95
237,36,,16,Bachelors,Concepcion,100,no,160.05
238,19,207.1,13,phd,Valparaiso,30,No,18.23
239,61,690.58,26,Bachelors,Concepción,21,no,165.27
240,43,503.42,17,phd,Concepción,33,No,147.62
241,49,1449.43,27,High School,Concepción,49,Yes,419.53
242,23,637.41,3,Master,Valparaíso,31,yes,204.11
243,49,630.57,6,,Santiago,45,No,189.09
244,21,419.69,34,,Concepcion,52,No,109.32
245,28,733.42,8,phd,Concepción,32,yes,222.52
246,34,633.87,7,phd,Concepcion,33,yes,174.51
247,55,6172.150000000001,16,High School,Concepción,100,Yes,431.73
248,41,,16,phd,Valparaíso,53,no,261.62
249,22,797.78,32,,Santiago,45,No,199.52
250,69,766.33,31,Bachelor,,40,no,292.01
251,51,996.54,7,Master,Concepción,47,No,274.07
252,23,686.92,18,High School,Valparaíso,55,Yes,174.83
253,39,966.8,37,High School,santiago,59,yes,361.05
254,28,1203.49,2,Bachelors,,21,Yes,368.22
255,65,915.02,4,bachelor,Concepcion,28,yes,291.93
256,33,737.57,12,Bachelors,Valparaiso,42,no,240.86
257,50,561.64,30,Bachelors,Valparaíso,34,no,170.51
258,26,731.22,15,PhD,Valparaiso,32,Yes,203.29
259,23,940.77,31,PhD,Concepción,42,yes,277.05
260,33,416.87,21,PhD,Valparaiso,36,Yes,176.63
261,46,,28,bachelor,Santiago,21,yes,318.28
262,20,851.9,21,,Concepcion,39,yes,297.66
263,37,762.7,2,Bachelor,Valparaiso,39,no,219.72
264,53,635.15,9,Master,Santiago,22,no,167.98
265,36,680.91,20,PhD,Valparaíso,31,yes,164.81
266,43,949.33,15,PhD,Valparaiso,59,yes,299.94
267,20,767.95,11,High School,Concepción,21,yes,282.51
268,36,674.72,1,Bachelors,Concepción,55,no,165.34
269,37,917.14,23,Bachelors,Concepción,33,no,295.44
270,49,927.05,34,bachelor,,35,No,246.85
271,24,487.71,29,bachelor,Valparaiso,38,yes,136.54
272,69,942.87,29,PhD,Valparaíso,53,No,294.8
273,58,1425.42,34,Bachelors,Valparaiso,25,yes,387.78
274,50,917.41,18,Bachelor,Concepcion,32,no,277.28
275,57,,7,Master,Santiago,55,No,79.97
276,56,844.34,25,Bachelors,Concepcion,41,No,275.74
277,35,342.3,39,High School,Concepción,37,Yes,109.83
278,57,1591.84,6,Bachelors,Santiago,31,yes,502.54
279,18,1358.92,29,phd,Concepción,49,no,403.99
280,28,633.52,6,bachelor,santiago,59,Yes,140.38
281,45,238.58,2,High School,Concepcion,26,Yes,22.77
282,42,580.41,0,Master,,51,yes,106.65
283,67,754.75,35,PhD,Valparaíso,38,Yes,255.31
284,40,,24,High School,Valparaiso,25,yes,191.59
285,48,,36,Bachelors,Santiago,39,Yes,258.08
286,47,753.11,0,PhD,Santiago,46,yes,266.89
287,59,831.29,14,,Valparaíso,56,no,279.19
288,52,857.41,36,PhD,Valparaíso,26,yes,254.47
289,24,558.6,12,Master,Valparaiso,24,yes,206.74
290,33,,39,bachelor,Concepción,30,No,175.14
291,43,4057.0,7,Master,Valparaiso,100,no,226.36
292,65,642.25,4,phd,Concepcion,22,no,184.02
293,69,1026.87,8,Bachelor,Concepción,24,no,302.43
294,66,,0,bachelor,santiago,42,Yes,254.13
295,19,1266.25,35,,Valparaiso,56,No,366.05
296,18,1005.12,34,phd,Valparaíso,28,no,339.61
297,65,1075.93,1,Bachelor,Concepción,34,Yes,342.72
298,29,833.14,39,phd,Valparaiso,22,Yes,275.33
299,22,839.34,22,Bachelors,Santiago,48,Yes,311.39
300,54,1232.83,8,Bachelors,santiago,25,No,407.47
301,49,705.43,33,PhD,Concepcion,36,Yes,253.02
302,26,936.69,13,bachelor,Santiago,45,No,280.49
303,58,733.44,3,Bachelors,Santiago,40,yes,224.08
304,52,732.84,29,High School,santiago,27,Yes,244.67
305,36,507.78,30,phd,,40,no,159.73
306,65,614.37,37,bachelor,Valparaíso,30,Yes,185.54
307,33,567.93,10,High School,Concepción,57,yes,91.81
308,20,948.59,34,Bachelors,Concepcion,27,yes,317.71
309,37,1060.05,7,PhD,Valparaiso,43,Yes,344.16
310,41,,2,Master,Santiago,54,yes,188.26
311,50,857.41,13,PhD,Valparaiso,33,No,275.28
312,41,,12,High School,Valparaíso,33,No,210.22
313,69,597.31,31,Bachelor,Valparaiso,29,Yes,177.9
314,28,1015.57,33,,Concepcion,31,No,354.29
315,66,963.13,18,High School,Valparaiso,57,No,256.82
316,25,326.86,37,Bachelor,Valparaíso,53,no,76.19
317,53,729.22,15,Bachelor,Valparaíso,29,Yes,274.61
318,55,579.49,1,phd,,36,yes,162.78
319,57,702.27,39,bachelor,Concepcion,36,Yes,260.38
320,37,632.39,16,phd,Valparaíso,22,No,145.36
321,52,,33,Bachelors,Santiago,50,no,197.46
322,65,717.52,15,Bachelor,Valparaíso,20,Yes,191.37
323,42,712.21,37,High School,,31,Yes,211.52
324,52,1076.85,1,Master,Concepción,58,No,269.86
325,42,939.29,1,Bachelor,Valparaiso,23,No,288.77
326,46,624.03,25,High School,,32,Yes,206.35
327,35,661.11,12,,Valparaiso,53,No,166.79
328,63,922.95,30,phd,Concepcion,40,No,259.33
329,35,922.6,33,phd,Valparaiso,41,No,264.48
330,19,649.05,38,bachelor,Concepcion,23,No,174.17
331,52,741.5,2,High School,Concepcion,37,No,129.18
332,33,1261.7,7,Bachelor,Valparaíso,24,no,374.66
333,58,653.36,22,PhD,Santiago,38,No,186.49
334,53,1277.7,13,phd,Concepción,21,yes,375.77
335,50,1075.92,26,phd,Valparaíso,31,Yes,299.22
336,21,1231.35,28,bachelor,Valparaíso,36,no,400.52
337,50,642.73,38,,Concepcion,29,no,278.78
338,31,757.86,38,,Concepcion,53,No,210.74
339,38,687.71,0,Bachelor,,25,Yes,243.3
340,65,1081.69,16,,Valparaiso,27,yes,338.11
341,37,658.08,29,Bachelors,Valparaiso,30,No,206.99
342,25,982.8,12,Bachelors,Valparaíso,31,Yes,284.32
343,24,969.57,20,High School,santiago,28,No,292.77
344,20,787.99,18,Master,santiago,21,No,275.68
345,34,1124.66,18,phd,Valparaiso,27,No,306.86
346,50,4134.599999999999,24,Master,santiago,100,No,245.83
347,65,1008.52,21,phd,,55,No,339.53
348,29,676.32,30,phd,Concepcion,29,No,241.61
349,68,619.14,16,Bachelors,Valparaíso,40,No,152.06
350,39,982.79,22,Master,Santiago,39,yes,292.56
351,39,907.71,31,bachelor,,27,no,304.25
352,63,860.83,9,phd,Valparaiso,55,yes,271.65
353,47,714.08,9,PhD,Valparaiso,48,No,238.38
354,55,1187.3,35,,Valparaíso,31,No,379.02
355,55,520.85,7,bachelor,Concepción,33,yes,169.71
356,62,507.16,19,PhD,Valparaiso,40,yes,163.93
357,68,1035.54,31,Bachelor,,41,no,365.35
358,25,1015.02,13,phd,santiago,40,yes,290.35
359,44,888.44,27,,Valparaiso,49,no,271.68
360,44,728.01,23,Master,,58,No,187.85
361,51,925.61,14,phd,Concepción,39,Yes,240.52
362,38,6151.05,21,bachelor,santiago,100,Yes,380.71
363,47,1428.89,29,Bachelors,Valparaiso,42,Yes,413.04
364,50,385.9,3,Master,Valparaiso,26,Yes,110.34
365,45,695.27,12,Bachelors,Concepción,28,No,257.51
366,64,679.56,22,phd,Concepción,20,Yes,257.67
367,50,1206.63,7,Master,Valparaíso,45,yes,423.21
368,22,179.68,17,PhD,Concepción,57,yes,100.13
369,65,928.46,11,bachelor,,57,Yes,344.73
370,36,3679.0,30,phd,santiago,100,yes,240.64
371,21,1209.53,13,Bachelor,Valparaíso,29,no,336.47
372,52,1175.26,33,Master,Santiago,25,No,334.07
373,66,891.38,17,Master,Valparaiso,36,Yes,310.6
374,34,405.07,33,High School,Valparaiso,57,Yes,128.17
375,61,656.53,10,,Valparaíso,43,No,197.14
376,45,683.9,11,phd,Concepción,29,yes,188.4
377,47,468.39,14,Bachelors,Valparaiso,27,No,129.24
378,46,1088.65,30,,Concepcion,40,No,345.11
379,63,436.64,28,PhD,Valparaíso,25,yes,108.34
380,23,,25,Bachelors,,40,No,399.61
381,52,1290.71,17,High School,,58,yes,429.45
382,58,703.73,31,Bachelors,santiago,43,yes,154.01
383,54,882.12,21,PhD,Concepción,52,No,218.5
384,41,781.93,37,High School,Concepción,37,no,265.95
385,46,1025.46,16,High School,Valparaíso,47,yes,347.16
386,66,1118.67,22,Bachelor,Valparaiso,51,No,321.7
387,63,,23,Bachelors,Valparaiso,31,yes,204.7
388,48,917.28,7,Bachelors,Concepcion,46,no,312.44
389,52,644.85,5,Master,Concepcion,29,no,165.82
390,50,909.18,4,PhD,Concepción,51,Yes,253.72
391,69,4203.450000000001,28,bachelor,,100,yes,266.78
392,38,,27,Bachelor,Santiago,44,yes,156.32
393,49,796.49,10,,Concepcion,30,No,211.66
394,40,704.2,0,High School,Santiago,42,yes,177.13
395,50,647.63,18,High School,Concepcion,53,Yes,248.43
396,20,513.38,8,Bachelor,Concepción,59,no,181.0
397,35,815.63,26,High School,Concepción,42,no,266.52
398,42,604.88,33,High School,Santiago,48,Yes,122.77
399,59,682.22,3,PhD,Valparaíso,50,yes,213.51
400,48,1068.78,35,,Concepción,26,yes,348.66
401,20,958.03,17,phd,Valparaíso,59,Yes,245.77
402,57,555.31,14,Master,Valparaiso,52,No,170.95
403,63,887.97,12,Master,Santiago,40,no,295.94
404,41,833.2,18,High School,Concepción,21,Yes,271.84
405,67,1225.42,5,PhD,santiago,37,Yes,342.32
406,49,1145.79,11,High School,Valparaiso,52,yes,339.23
407,64,416.56,36,Master,Valparaíso,56,no,153.68
408,39,1015.28,16,Bachelor,Concepción,53,yes,303.77
409,40,1116.3,22,Bachelor,Santiago,39,Yes,375.72
410,19,939.84,25,bachelor,Concepcion,54,No,295.52
411,44,716.15,28,phd,santiago,37,no,244.03
412,59,1403.35,32,PhD,,43,Yes,453.05
413,19,962.85,26,Bachelors,Valparaiso,27,Yes,264.45
414,43,1294.14,24,,Santiago,49,No,391.94
415,34,1137.87,9,Bachelors,santiago,29,Yes,330.09
416,57,916.03,22,,Santiago,42,Yes,308.72
417,50,655.07,20,bachelor,Concepción,30,no,214.42
418,26,793.97,20,High School,Concepcion,21,no,238.34
419,60,744.52,12,Master,Valparaiso,45,no,181.9
420,65,496.37,36,bachelor,Santiago,55,yes,108.0
421,56,962.57,32,bachelor,,52,No,303.68
422,46,1191.84,23,Bachelors,Concepción,32,no,341.14
423,59,725.42,10,Master,Concepción,59,yes,230.81
424,43,1340.91,16,bachelor,Valparaiso,44,yes,352.18
425,52,410.6,3,phd,Concepción,23,No,167.87
426,67,1063.59,24,bachelor,Valparaíso,38,No,343.39
427,42,1217.88,29,Master,Santiago,37,Yes,375.44
428,41,748.99,8,High School,Valparaiso,56,yes,267.99
429,30,753.49,20,PhD,Concepción,49,no,254.7
430,24,1060.69,19,Master,Concepción,38,No,305.86
431,53,,18,,Valparaíso,42,yes,280.88
432,62,300.65,18,PhD,Concepcion,35,no,33.27
433,37,589.16,11,phd,Concepcion,20,yes,210.17
434,18,796.61,36,Bachelor,Concepción,31,No,241.9
435,25,457.58,16,Master,Santiago,43,Yes,77.36
436,63,681.46,36,High School,Valparaiso,53,yes,176.38
437,33,463.83,38,,Concepción,27,no,178.88
438,31,707.46,27,phd,,37,No,266.75
439,29,715.84,34,PhD,Valparaiso,24,Yes,227.56
440,68,887.94,17,phd,Concepcion,45,no,236.42
441,40,777.06,13,Master,Concepción,49,no,187.2
442,32,925.7,34,bachelor,Valparaíso,32,no,330.75
443,45,895.89,6,High School,santiago,38,yes,277.65
444,51,1057.83,12,Master,Concepción,48,No,303.84
445,19,1018.45,17,Bachelor,Santiago,22,no,292.59
446,49,992.03,36,Master,santiago,45,yes,326.76
447,40,1576.22,12,PhD,Concepción,59,No,486.4
448,39,886.85,35,PhD,Santiago,31,No,250.46
449,68,1448.39,30,Master,santiago,21,yes,411.05
450,42,903.05,1,,Santiago,30,yes,232.66
451,39,779.29,15,bachelor,Santiago,47,no,217.84
452,39,706.71,8,phd,santiago,37,No,187.92
453,66,1177.43,8,Master,santiago,32,Yes,399.37
454,69,1210.13,37,High School,Santiago,56,yes,355.23
455,59,949.95,10,bachelor,Concepcion,41,No,244.3
456,23,1083.39,21,phd,santiago,31,No,293.51
457,32,,32,High School,Concepción,21,no,150.49
458,60,412.81,35,,Valparaiso,56,Yes,75.48
459,54,1111.58,22,High School,Valparaíso,26,no,337.47
460,50,768.3,33,phd,Santiago,45,Yes,197.9
461,25,987.33,8,,Santiago,45,Yes,325.96
462,61,,23,High School,Valparaíso,43,yes,192.6
463,61,1214.25,7,High School,Concepcion,31,No,425.21
464,22,414.9,6,Bachelors,Valparaíso,35,No,113.62
465,56,453.6,35,Master,santiago,42,No,51.23
466,21,1161.08,17,phd,Valparaíso,59,Yes,388.75
467,23,147.54,2,,,28,No,54.72
468,62,894.64,27,PhD,Valparaíso,51,yes,291.4
469,49,773.17,5,phd,,34,Yes,197.57
470,69,616.01,20,bachelor,Concepción,56,Yes,182.32
471,47,750.02,27,,santiago,32,Yes,237.7
472,64,588.12,39,,,24,Yes,184.0
473,52,1185.56,0,,Santiago,30,yes,297.64
474,57,1251.12,35,Master,Concepción,29,No,470.1
475,69,628.57,20,phd,santiago,32,yes,217.25
476,33,868.88,34,High School,Santiago,34,No,283.48
477,30,468.73,12,,Concepcion,26,yes,180.84
478,67,1068.26,9,Bachelor,Valparaiso,59,no,332.5
479,59,,9,High School,Concepcion,47,no,293.31
480,47,3630.8999999999996,12,High School,Valparaiso,100,no,251.15
481,36,804.22,36,High School,Valparaíso,54,no,274.03
482,34,776.56,37,,,34,Yes,225.49
483,36,395.39,23,Bachelor,Valparaíso,55,Yes,142.82
484,45,1186.5,1,High School,Valparaiso,40,yes,341.23
485,43,608.26,21,bachelor,Valparaiso,25,yes,194.23
486,54,609.96,16,PhD,Valparaiso,20,no,204.98
487,43,762.4,35,bachelor,Concepción,23,No,282.67
488,40,,13,Bachelor,Santiago,30,no,295.79
489,26,652.17,9,phd,santiago,45,yes,202.1
490,29,311.95,34,PhD,Valparaíso,56,no,159.86
491,18,578.25,24,Bachelor,,42,yes,171.79
492,18,906.04,2,bachelor,Concepcion,48,no,269.11
493,64,,37,Bachelors,Valparaiso,40,No,475.16
494,51,485.02,16,Master,Valparaiso,46,no,163.43
495,49,475.87,11,Bachelor,Valparaiso,58,No,92.44
496,65,421.85,23,High School,,59,No,102.39
497,42,390.82,28,bachelor,Concepcion,32,yes,145.53
498,57,1101.42,24,High School,Santiago,42,No,346.72
499,62,1173.67,35,High School,,35,Yes,367.48
500,18,,25,High School,,49,Yes,320.87
501,33,683.07,37,High School,Santiago,23,Yes,200.3
502,56,1247.79,0,High School,Valparaíso,59,yes,360.3
503,22,843.48,19,PhD,Concepción,35,Yes,196.65
504,39,1072.36,27,Bachelor,Concepción,50,yes,360.03
505,46,670.89,15,Bachelor,Concepción,44,yes,176.0
506,20,811.06,16,Master,Valparaiso,31,Yes,276.83
507,29,490.66,39,,santiago,45,No,186.26
508,43,957.31,27,Bachelors,Valparaíso,56,no,359.97
509,33,847.73,11,PhD,Valparaíso,52,yes,268.9
510,68,576.36,26,bachelor,Concepción,47,Yes,165.83
511,54,579.72,29,PhD,Valparaíso,28,yes,196.42
512,39,1203.99,33,Bachelor,,31,No,348.72
513,46,1292.92,36,,santiago,24,No,410.65
514,31,746.72,5,Master,,47,Yes,211.09
515,45,816.94,6,Master,,54,yes,235.17
516,22,900.03,31,phd,Santiago,24,no,253.76
517,64,837.01,31,Bachelors,santiago,53,no,265.02
518,66,,24,Master,santiago,53,yes,140.56
519,47,906.97,32,High School,,32,yes,232.13
520,63,278.03,6,Bachelor,Concepcion,58,yes,54.15
521,69,616.83,11,Bachelors,Concepción,33,Yes,188.99
522,22,926.36,15,bachelor,Concepción,30,No,208.99
523,29,950.0,15,High School,Valparaíso,57,no,333.31
524,33,597.48,35,High School,Concepción,23,Yes,170.81
525,43,685.39,12,Master,Valparaiso,52,yes,173.07
526,43,651.54,6,Bachelors,Concepcion,26,yes,187.04
527,65,774.29,35,Bachelor,santiago,27,No,248.51
528,38,793.3,8,,Concepción,56,yes,208.1
529,56,967.12,31,PhD,Concepcion,29,Yes,329.25
530,53,670.78,10,PhD,Concepción,34,Yes,211.43
531,50,893.35,7,Bachelor,Santiago,57,No,234.99
532,47,926.75,32,Bachelor,,34,Yes,271.55
533,54,849.57,22,PhD,,24,no,215.57
534,40,,24,,santiago,48,Yes,185.33
535,27,845.16,7,Bachelors,,38,Yes,261.08
536,22,987.94,21,PhD,Valparaíso,29,Yes,276.28
537,53,1009.8,3,Bachelor,Concepción,31,no,352.37
538,51,1253.84,39,Master,Concepción,23,yes,393.18
539,69,552.49,2,bachelor,Valparaiso,50,Yes,116.16
540,48,690.0,28,phd,Santiago,37,No,179.3
541,27,396.63,28,High School,,35,no,157.58
542,36,1032.75,33,phd,Concepcion,59,No,312.23
543,49,716.37,33,,Valparaíso,55,Yes,250.17
544,18,851.55,27,Master,Concepcion,44,No,249.17
545,22,648.92,12,High School,,42,Yes,175.47
546,62,718.32,14,Bachelor,Valparaiso,31,no,249.88
547,21,1105.8,22,PhD,Concepción,53,No,306.38
548,33,973.56,25,Bachelors,Concepcion,55,No,308.24
549,41,772.12,3,phd,santiago,56,Yes,215.58
550,33,991.95,25,High School,Valparaíso,22,Yes,332.05
551,19,,39,phd,Concepcion,28,yes,367.7
552,66,,8,,Valparaíso,37,Yes,195.48
553,45,432.73,4,PhD,Concepción,54,Yes,104.6
554,49,575.21,31,phd,,53,yes,197.44
555,44,464.87,19,Bachelors,Valparaiso,33,Yes,109.9
556,37,1091.11,10,Master,Valparaiso,23,Yes,376.23
557,41,1134.53,14,Bachelors,santiago,48,yes,381.14
558,29,1196.59,31,PhD,Valparaíso,34,no,337.7
559,67,295.11,27,phd,Concepción,47,no,45.14
560,52,1067.85,21,bachelor,Concepcion,35,Yes,289.04
561,50,1353.05,16,phd,santiago,31,Yes,373.35
562,50,1078.0,25,PhD,Santiago,24,yes,355.15
563,68,262.19,6,phd,Valparaíso,53,yes,117.53
564,60,1242.07,25,High School,Valparaiso,20,no,404.82
565,54,810.42,24,phd,,58,No,236.44
566,29,741.9,9,Bachelor,Valparaiso,51,Yes,227.14
567,20,912.77,18,phd,Valparaíso,45,No,247.74
568,18,537.75,10,phd,Valparaiso,36,No,192.04
569,50,800.7,12,Bachelors,santiago,46,yes,249.97
570,57,1205.11,7,,Valparaíso,43,Yes,379.63
571,27,955.6,39,Bachelors,,54,Yes,273.55
572,60,814.6,3,Bachelors,santiago,58,yes,229.22
573,61,822.4,30,Master,Concepcion,45,No,274.47
574,46,504.65,27,Bachelor,Concepción,57,yes,196.8
575,30,762.5,10,Bachelors,santiago,42,no,207.11
576,29,391.43,0,High School,Valparaíso,41,Yes,132.64
577,48,1055.61,37,PhD,Concepción,23,no,309.22
578,63,253.57,23,High School,santiago,28,yes,145.49
579,19,1013.73,30,PhD,Santiago,23,Yes,302.07
580,68,1044.85,25,phd,Santiago,26,no,340.06
581,67,1129.69,4,Master,Concepcion,42,no,337.48
582,52,821.71,19,Bachelor,Valparaiso,21,No,329.97
583,40,1029.16,10,High School,Concepción,43,Yes,312.05
584,34,760.06,32,Bachelor,Valparaíso,59,no,216.77
585,43,503.33,37,High School,Valparaíso,50,no,178.68
586,25,1182.68,26,phd,,50,No,376.32
587,46,775.78,33,PhD,Santiago,59,no,232.71
588,43,447.62,14,bachelor,Santiago,53,no,97.84
589,27,683.3,31,Master,santiago,43,no,196.05
590,43,693.17,20,High School,Concepcion,45,No,235.4
591,51,,4,High School,Concepción,35,no,217.2
592,68,1386.76,5,phd,Concepcion,32,no,404.69
593,58,930.6,37,Master,Concepcion,34,Yes,320.73
594,24,851.71,21,PhD,,46,Yes,254.01
595,21,1413.94,17,PhD,Concepcion,23,No,493.29
596,67,1044.72,13,High School,Valparaiso,35,yes,260.58
597,62,863.56,9,bachelor,santiago,49,Yes,224.93
598,28,,12,bachelor,Valparaiso,49,No,130.81
599,46,879.05,30,Bachelor,santiago,55,no,327.53
600,53,783.4,29,Master,Concepcion,22,no,216.77
601,42,822.86,2,Master,Valparaiso,41,No,180.05
602,38,1128.6,29,,Valparaiso,41,no,326.52
603,53,,5,Bachelor,Valparaiso,31,no,153.99
604,27,928.39,28,,santiago,40,yes,266.37
605,54,1037.23,7,,Valparaíso,23,no,311.31
606,26,634.47,32,Bachelor,Concepcion,50,Yes,220.49
607,41,594.34,16,Bachelor,,50,no,171.06
608,52,762.41,10,High School,Concepción,42,No,226.08
609,66,684.59,12,PhD,Valparaíso,39,yes,186.13
610,52,1088.08,10,Bachelor,Concepción,34,no,279.27
611,65,549.56,30,bachelor,Concepcion,42,No,116.07
612,53,817.12,27,bachelor,Concepcion,47,Yes,238.3
613,35,1436.51,5,Bachelors,,35,no,428.99
614,66,903.26,15,PhD,Valparaiso,56,yes,254.12
615,56,944.82,3,High School,santiago,40,no,222.67
616,49,,34,phd,Valparaíso,34,No,343.29
617,41,684.26,25,,,36,yes,259.46
618,40,529.65,11,bachelor,Valparaiso,56,no,149.76
619,49,844.13,10,High School,Concepcion,32,Yes,234.45
620,54,,36,Bachelors,Valparaiso,38,yes,268.49
621,29,395.45,24,PhD,Concepcion,49,Yes,87.7
622,66,893.77,17,High School,Concepcion,37,No,234.16
623,30,1067.46,18,PhD,Valparaiso,33,no,336.18
624,40,571.76,22,Bachelor,Santiago,55,Yes,201.24
625,42,908.89,37,Master,Valparaíso,55,No,275.75
626,52,1023.07,17,,Concepción,39,no,248.41
627,58,946.67,25,PhD,,38,No,299.5
628,47,,5,High School,Concepcion,26,Yes,350.4
629,34,738.8,3,bachelor,Santiago,23,No,211.22
630,66,518.12,28,phd,Concepción,53,yes,153.5
631,37,688.21,33,bachelor,santiago,21,no,192.58
632,65,653.49,16,High School,Santiago,24,No,213.69
633,42,779.94,15,,Concepción,29,Yes,215.55
634,39,1073.32,1,phd,Santiago,51,no,342.94
635,30,472.04,33,High School,Concepcion,32,yes,131.98
636,36,836.06,7,PhD,Valparaíso,58,no,252.97
637,66,534.15,12,bachelor,Santiago,24,yes,160.05
638,53,614.99,7,PhD,santiago,29,no,228.85
639,29,939.69,29,phd,Valparaiso,29,No,302.89
640,58,502.51,31,phd,Concepción,57,No,196.46
641,36,983.56,35,bachelor,,46,Yes,306.63
642,29,461.96,29,PhD,Santiago,40,yes,139.97
643,26,966.75,0,Bachelors,santiago,27,Yes,283.48
644,24,412.62,38,PhD,Valparaíso,20,No,115.64
645,45,645.55,16,phd,Santiago,47,yes,208.22
646,31,1274.12,19,PhD,Santiago,58,Yes,359.43
647,48,1227.14,23,High School,Valparaíso,33,Yes,376.42
648,69,,21,Bachelor,santiago,40,Yes,237.22
649,36,897.49,28,Bachelors,Concepción,49,Yes,320.95
650,64,1101.02,21,Master,Concepción,40,Yes,337.69
651,33,970.32,8,High School,,28,yes,315.33
652,22,731.63,36,Bachelor,Valparaíso,36,Yes,252.55
653,52,612.84,9,Master,Santiago,24,yes,172.08
654,29,1017.03,35,bachelor,Valparaiso,50,Yes,375.84
655,42,1082.68,36,Master,Concepción,59,No,313.72
656,69,1228.93,27,High School,Concepcion,57,No,373.51
657,38,378.19,27,PhD,Valparaiso,38,Yes,162.98
658,53,486.72,20,High School,Santiago,55,no,187.9
659,40,1090.48,23,Master,santiago,52,No,328.67
660,33,,39,phd,,32,yes,166.45
661,56,1109.64,1,Bachelor,Concepcion,33,Yes,320.07
662,62,746.27,7,Bachelor,Valparaiso,52,yes,202.32
663,59,669.77,26,,Concepción,48,no,167.95
664,56,,21,Bachelor,Valparaíso,55,Yes,276.62
665,31,463.66,36,phd,santiago,29,No,176.17
666,48,1006.0,26,High School,Valparaiso,50,yes,287.76
667,22,1222.41,28,Bachelor,Valparaíso,25,No,383.77
668,52,1017.64,2,Master,Santiago,20,No,381.82
669,40,738.37,12,Bachelors,Valparaíso,26,Yes,256.71
670,46,415.49,9,Bachelors,Valparaiso,46,yes,92.9
671,60,425.1,35,,Valparaiso,40,no,167.08
672,28,,8,Bachelor,Santiago,47,No,107.97
673,35,796.93,26,High School,Valparaíso,35,Yes,158.22
674,64,828.35,33,Master,Valparaíso,42,Yes,255.99
675,29,1017.11,0,Bachelor,Santiago,39,no,344.23
676,26,350.99,31,PhD,Valparaíso,57,Yes,151.32
677,27,1127.8,24,phd,,44,No,352.86
678,61,973.6,28,Bachelor,Santiago,47,Yes,280.43
679,34,718.29,6,Bachelor,santiago,24,yes,228.28
680,55,502.56,2,,Valparaiso,40,yes,135.69
681,24,,19,,santiago,100,No,320.38
682,63,,19,Master,Concepción,25,yes,253.85
683,30,795.0,29,,Concepción,48,no,227.62
684,57,895.9,34,Bachelors,Concepcion,38,Yes,311.99
685,59,571.7,34,,Concepcion,52,No,160.34
686,26,729.45,38,phd,Concepcion,20,no,295.59
687,67,1016.33,26,Bachelors,Santiago,22,Yes,264.28
688,44,991.02,25,Bachelors,Valparaíso,40,no,273.1
689,19,993.28,13,High School,Concepción,54,No,289.02
690,22,511.21,16,Bachelors,,59,No,90.04
691,46,740.85,17,High School,santiago,22,no,149.23
692,54,700.9,28,Bachelor,santiago,44,Yes,156.21
693,55,,19,Bachelor,santiago,57,yes,261.22
694,36,883.91,26,,Concepcion,39,yes,262.37
695,25,838.86,17,PhD,santiago,53,no,259.55
696,65,1416.43,3,PhD,Valparaíso,40,No,412.52
697,62,727.3,0,PhD,Concepcion,42,Yes,218.78
698,18,698.04,0,High School,santiago,25,Yes,190.91
699,39,510.81,25,phd,,32,No,180.79
700,69,415.54,19,phd,,42,yes,143.59
701,34,,22,bachelor,Valparaiso,28,Yes,144.08
702,24,620.33,9,phd,Valparaiso,36,no,199.39
703,42,1127.52,10,PhD,Concepcion,21,yes,333.34
704,62,809.79,4,PhD,santiago,38,no,191.67
705,21,848.33,0,Bachelors,Concepción,38,yes,274.03
706,53,775.93,16,phd,Concepción,26,No,208.37
707,23,891.33,21,Bachelor,Concepción,39,no,296.91
708,48,1150.52,33,Bachelor,Concepcion,28,no,365.78
709,36,301.52,28,Bachelors,Valparaíso,36,No,94.72
710,61,,3,Bachelors,Santiago,46,no,267.36
711,56,171.24,4,Bachelors,Santiago,21,yes,95.36
712,44,807.05,10,Bachelor,Valparaiso,55,Yes,225.22
713,27,1347.98,20,PhD,Valparaiso,38,Yes,425.83
714,43,970.16,34,Bachelors,Concepción,36,No,297.43
715,36,,11,bachelor,Concepción,24,yes,260.53
716,56,1300.49,25,High School,Valparaiso,58,no,396.83
717,20,624.23,18,Bachelors,santiago,37,no,189.67
718,62,908.49,6,High School,Valparaíso,26,Yes,262.34
719,30,944.53,6,Master,,36,no,277.5
720,67,669.4,25,Bachelors,Valparaíso,58,Yes,214.53
721,45,691.47,39,Bachelor,Valparaíso,55,No,230.88
722,37,664.06,4,phd,Valparaiso,59,no,190.72
723,45,821.83,20,Bachelors,Santiago,23,yes,270.58
724,25,936.67,13,phd,Valparaiso,57,no,263.38
725,58,830.81,3,Master,Valparaíso,44,Yes,308.69
726,56,977.37,22,bachelor,Valparaiso,24,No,343.98
727,18,307.71,19,phd,Valparaíso,49,Yes,114.89
728,20,745.44,14,High School,,31,no,166.18
729,30,,28,PhD,Concepción,23,Yes,190.83
730,45,4377.15,7,Bachelors,Santiago,100,Yes,247.43
731,66,871.73,18,Master,,48,No,231.56
732,42,771.09,38,Master,santiago,28,yes,233.86
733,50,927.57,27,phd,Valparaiso,23,no,261.14
734,55,1049.45,26,bachelor,santiago,43,No,334.44
735,23,784.87,3,Bachelor,Valparaiso,33,yes,278.84
736,61,537.08,14,Bachelors,Concepción,24,Yes,188.1
737,62,404.69,34,Master,Concepcion,37,yes,213.88
738,49,809.03,36,bachelor,Concepción,38,Yes,206.5
739,62,860.47,0,PhD,Valparaíso,31,Yes,236.76
740,64,557.62,2,Master,Concepción,37,No,132.6
741,38,981.44,23,bachelor,Concepción,36,Yes,335.61
742,33,685.26,26,Bachelor,Valparaíso,49,No,202.16
743,38,385.89,39,,Valparaiso,43,yes,132.35
744,28,1114.11,35,Master,Valparaíso,30,yes,364.74
745,54,,33,High School,Concepcion,54,Yes,287.86
746,53,296.1,28,Master,Concepción,42,No,75.79
747,52,659.35,23,phd,Valparaíso,36,Yes,232.02
748,36,,23,Bachelors,Concepción,20,No,185.94
749,37,1209.87,3,,Concepcion,34,No,306.25
750,35,,2,Master,santiago,51,No,196.29
751,64,426.03,33,Bachelors,Concepcion,28,yes,130.12
752,58,1020.53,22,phd,Santiago,34,No,315.36
753,66,492.31,22,Bachelors,Santiago,47,yes,147.17
754,31,734.91,4,Master,Santiago,43,No,195.45
755,32,607.56,30,Bachelor,Concepción,54,yes,214.65
756,48,659.89,5,bachelor,Valparaiso,41,no,188.4
757,18,1034.31,36,bachelor,Valparaiso,46,yes,325.38
758,20,1180.33,9,Bachelor,Valparaiso,38,yes,334.17
759,33,481.41,39,High School,,31,Yes,202.99
760,40,,6,,Concepcion,39,No,270.41
761,28,616.81,38,bachelor,Valparaiso,20,no,202.28
762,29,624.58,37,Master,santiago,40,Yes,228.92
763,27,922.66,20,phd,Santiago,20,No,291.2
764,49,543.02,19,Master,Concepcion,29,no,174.26
765,33,917.65,2,Bachelors,Santiago,51,no,206.89
766,25,982.53,21,Bachelor,Valparaiso,58,no,314.08
767,55,691.87,3,High School,Concepcion,41,No,202.53
768,29,1131.77,27,Master,Valparaíso,37,no,361.88
769,41,481.79,11,High School,santiago,51,no,145.33
770,45,1136.35,37,High School,Valparaiso,46,Yes,333.43
771,25,314.0,35,phd,,47,yes,129.13
772,45,1474.93,4,PhD,santiago,37,No,443.02
773,53,698.45,12,Bachelor,santiago,58,yes,165.25
774,43,509.42,22,High School,Valparaíso,48,Yes,193.48
775,25,741.83,29,,Valparaiso,37,yes,186.73
776,67,538.38,36,Bachelors,Concepción,27,no,201.14
777,45,896.74,24,bachelor,Valparaiso,50,no,315.63
778,45,1141.91,26,phd,Santiago,53,No,311.78
779,54,551.64,13,,Concepcion,26,No,163.11
780,58,944.85,35,bachelor,Concepcion,55,No,283.48
781,53,,38,Bachelor,,37,Yes,131.52
782,44,1058.24,15,bachelor,Concepcion,57,No,368.48
783,34,904.06,21,Master,,28,Yes,243.28
784,26,,20,bachelor,Concepcion,28,no,315.92
785,50,769.41,20,Bachelors,Concepcion,27,yes,280.52
786,37,691.21,7,Bachelors,Santiago,54,no,190.37
787,30,1004.03,15,PhD,Valparaíso,37,no,273.24
788,45,,30,Bachelors,Concepcion,24,no,159.99
789,65,364.29,9,bachelor,Concepción,33,No,131.36
790,46,798.76,31,,Concepcion,47,No,233.94
791,30,702.6,33,Bachelor,Valparaíso,49,No,234.11
792,63,938.46,8,High School,Santiago,23,yes,239.64
793,52,1072.89,16,Bachelors,Valparaíso,58,No,278.64
794,23,933.25,10,Master,Santiago,39,Yes,263.97
795,35,1052.98,31,Bachelor,santiago,44,no,340.29
796,68,880.26,9,PhD,Santiago,47,yes,282.02
797,22,923.65,21,Master,santiago,31,yes,245.93
798,64,770.84,16,bachelor,,21,yes,256.78
799,42,916.26,3,High School,Santiago,33,yes,274.77
800,19,841.66,24,bachelor,Concepción,41,yes,229.92
801,27,881.29,20,High School,Valparaiso,50,Yes,224.36
802,47,758.32,36,High School,Santiago,42,no,243.99
803,67,1002.23,37,bachelor,Concepcion,39,yes,350.06
804,62,622.39,0,Master,Concepción,57,no,176.38
805,22,795.41,24,Master,Concepción,23,No,217.98
806,50,1127.95,35,High School,Concepcion,34,yes,293.04
807,18,562.82,16,Master,Valparaiso,43,yes,214.13
808,35,259.54,23,High School,Concepción,44,no,111.82
809,49,891.61,1,High School,santiago,20,yes,273.05
810,64,735.76,39,Bachelor,Valparaiso,26,yes,279.37
811,66,1052.72,14,phd,Concepcion,50,yes,319.53
812,28,767.37,31,Bachelor,Valparaiso,31,Yes,223.58
813,38,648.92,38,bachelor,Santiago,24,Yes,225.53
814,43,781.05,5,phd,Valparaiso,57,yes,200.52
815,42,1073.27,0,Bachelors,santiago,31,Yes,285.91
816,39,943.84,22,bachelor,Santiago,58,No,305.7
817,44,191.52,38,,Valparaíso,37,yes,94.73
818,66,846.44,16,Bachelor,Concepcion,21,No,219.52
819,30,858.94,33,Master,Concepcion,29,no,231.28
820,50,,28,Bachelor,Valparaiso,34,No,232.48
821,51,647.28,8,Master,Concepción,49,no,167.04
822,58,1098.63,12,phd,Santiago,36,yes,342.68
823,52,1111.01,5,PhD,Valparaíso,23,no,332.64
824,18,249.21,5,phd,Santiago,26,no,107.01
825,38,600.51,19,PhD,Concepcion,50,No,189.17
826,65,763.82,2,,Santiago,58,No,199.21
827,23,1037.13,16,Master,Valparaíso,53,No,251.81
828,45,808.71,11,phd,Concepción,25,yes,248.5
829,34,629.1,0,PhD,Valparaiso,57,yes,126.02
830,22,977.38,16,High School,santiago,53,No,270.91
831,48,747.17,2,bachelor,,34,yes,196.7
832,22,770.65,25,bachelor,santiago,33,yes,221.84
833,55,793.21,14,phd,Concepcion,25,no,200.48
834,20,943.58,35,Master,Valparaiso,56,no,267.62
835,40,722.86,31,High School,Valparaiso,51,No,256.54
836,54,971.74,31,phd,Santiago,22,yes,336.92
837,54,781.73,3,Bachelor,Concepción,22,no,277.59
838,27,533.25,17,PhD,Valparaiso,41,Yes,160.58
839,27,790.81,18,Bachelor,Santiago,41,yes,246.18
840,36,546.2,34,bachelor,Santiago,29,Yes,209.88
841,34,810.25,39,PhD,santiago,22,No,214.06
842,38,1007.37,13,phd,Valparaiso,31,yes,326.68
843,31,531.59,32,Bachelor,Santiago,48,No,204.95
844,26,891.07,13,Bachelors,santiago,36,No,239.95
845,63,592.74,33,Master,,26,No,230.6
846,18,850.43,3,High School,santiago,32,No,311.96
847,68,1015.05,23,High School,santiago,21,No,335.15
848,62,267.62,28,Master,Santiago,23,yes,107.52
849,30,521.38,18,Bachelors,Concepcion,29,Yes,126.02
850,21,707.76,5,bachelor,Concepcion,58,yes,235.3
851,18,,32,PhD,Concepción,100,yes,240.26
852,66,758.4,39,,Concepcion,36,yes,250.91
853,57,788.53,18,Bachelors,santiago,25,no,254.69
854,49,1310.75,0,phd,Concepción,38,no,286.74
855,51,496.89,4,High School,Santiago,24,yes,158.44
856,45,1083.87,26,Bachelors,Valparaiso,51,Yes,406.61
857,48,712.51,15,bachelor,santiago,29,yes,152.7
858,25,937.37,5,bachelor,santiago,28,No,276.49
859,56,1332.24,39,Bachelor,Concepción,46,no,351.56
860,43,972.17,12,Master,Santiago,32,no,264.43
861,51,893.12,34,Bachelor,Valparaíso,38,yes,219.44
862,20,1199.78,18,High School,santiago,40,yes,365.72
863,67,1081.2,11,Bachelors,,43,Yes,345.07
864,29,600.15,15,PhD,Valparaíso,57,Yes,188.44
865,18,873.63,9,PhD,Concepcion,23,No,234.08
866,61,370.63,24,bachelor,Santiago,43,yes,96.31
867,22,664.96,19,PhD,Valparaíso,54,yes,206.36
868,47,,30,PhD,Santiago,22,yes,247.19
869,47,649.47,3,High School,Concepcion,23,no,151.88
870,34,868.34,22,PhD,Santiago,56,No,253.13
871,65,796.65,1,Bachelors,,59,Yes,199.35
872,64,,21,PhD,Valparaíso,54,no,292.28
873,40,,36,phd,Santiago,50,no,255.15
874,32,564.96,7,PhD,Valparaiso,44,no,242.12
875,54,1169.53,6,PhD,Santiago,59,no,352.2
876,38,676.08,13,Bachelor,Valparaíso,32,No,222.3
877,31,965.0,2,,Concepcion,23,yes,267.92
878,19,1158.81,15,bachelor,Concepcion,33,Yes,332.42
879,28,840.67,18,Bachelor,Valparaíso,32,Yes,293.32
880,68,585.92,17,Master,santiago,46,no,166.79
881,56,755.35,15,Bachelors,santiago,25,no,231.29
882,55,1054.39,7,phd,,36,No,349.31
883,51,851.56,32,Bachelors,Concepcion,55,no,252.41
884,55,498.71,11,Master,Valparaíso,59,Yes,188.33
885,67,949.16,10,Master,santiago,54,Yes,296.14
886,51,992.38,4,Master,Concepcion,36,yes,306.18
887,35,711.17,26,High School,santiago,21,yes,202.71
888,47,952.56,11,bachelor,Concepcion,32,Yes,300.14
889,32,861.25,16,PhD,Santiago,21,Yes,249.3
890,44,750.64,5,Bachelors,,47,No,232.37
891,68,476.62,32,High School,Concepción,45,No,146.93
892,51,,4,PhD,Santiago,41,Yes,343.65
893,69,989.8,27,PhD,Concepción,22,no,305.09
894,55,945.97,13,phd,,54,yes,340.63
895,50,1186.13,4,Master,Valparaiso,31,Yes,343.37
896,41,,32,bachelor,Valparaiso,43,no,302.25
897,32,971.64,18,phd,Concepcion,24,Yes,306.08
898,47,246.69,21,Bachelor,Concepcion,39,yes,109.04
899,59,1099.22,4,High School,santiago,58,yes,352.27
900,68,820.77,1,High School,Concepcion,58,No,240.13
901,34,878.12,29,bachelor,Valparaíso,32,No,281.71
902,22,879.83,38,PhD,Concepcion,31,No,286.97
903,46,993.46,3,,Valparaíso,32,No,260.8
904,21,1080.54,32,bachelor,Concepcion,29,yes,365.08
905,27,958.56,12,High School,,52,no,245.43
906,34,918.82,19,High School,Valparaíso,59,no,241.07
907,27,857.88,6,Master,Santiago,35,no,255.01
908,34,-37.9,14,Bachelor,Valparaíso,54,Yes,-24.77
909,37,728.1,22,Master,santiago,22,No,248.91
910,41,,13,Bachelor,Concepción,24,No,184.5
911,22,,22,High School,Valparaíso,45,yes,336.95
912,51,,18,phd,Concepcion,30,yes,255.66
913,23,685.47,28,PhD,Concepcion,26,Yes,215.24
914,19,710.57,19,High School,Concepción,29,Yes,215.3
915,30,,28,Bachelor,santiago,53,no,220.52
916,60,697.04,23,Bachelor,Valparaiso,22,yes,203.31
917,60,438.86,17,Bachelor,Concepcion,27,No,150.44
918,65,384.68,9,High School,Santiago,50,no,99.51
919,28,807.26,7,bachelor,santiago,30,No,252.55
920,68,1068.83,25,phd,Valparaíso,26,no,351.83
921,64,665.58,28,bachelor,Valparaíso,21,No,193.44
922,40,875.86,9,PhD,Santiago,25,Yes,239.09
923,33,983.57,16,High School,Concepcion,51,no,307.16
924,48,551.66,1,Bachelor,santiago,39,No,118.57
925,28,795.01,5,phd,Santiago,53,No,263.75
926,33,633.37,4,phd,Concepcion,35,yes,185.34
927,25,1201.53,27,Bachelors,,44,no,361.72
928,21,,4,PhD,Valparaíso,31,No,369.36
929,57,551.91,17,phd,santiago,26,yes,183.39
930,21,4482.35,25,,Concepción,100,No,270.04
931,42,1066.9,19,Bachelor,Valparaiso,36,no,348.73
932,20,1012.08,26,Bachelor,santiago,30,Yes,290.45
933,49,820.39,11,phd,Valparaiso,25,no,267.99
934,20,1126.64,6,bachelor,santiago,42,no,300.23
935,44,,2,,Valparaiso,46,No,179.28
936,46,724.23,9,Bachelor,Concepción,25,No,206.93
937,49,580.59,33,,Valparaíso,57,no,139.94
938,67,995.62,24,Bachelor,,21,yes,314.19
939,68,,34,,Valparaiso,41,yes,204.07
940,36,757.19,15,PhD,,39,yes,180.58
941,38,954.42,1,phd,Valparaiso,44,No,214.62
942,22,974.56,23,Bachelors,Valparaíso,34,No,292.5
943,35,573.22,9,phd,Valparaiso,48,no,215.41
944,45,1064.16,37,phd,Concepción,27,Yes,341.98
945,59,913.92,21,High School,Concepción,56,No,253.43
946,39,529.57,25,,Santiago,52,no,193.43
947,38,468.07,38,,Valparaíso,41,no,178.44
948,23,796.05,26,phd,Santiago,24,Yes,285.16
949,18,1012.52,28,PhD,Valparaíso,58,yes,326.67
950,22,1018.93,37,Bachelors,Valparaiso,37,no,343.36
951,58,889.04,19,,Concepción,57,no,286.75
952,29,,26,Bachelor,Santiago,56,no,231.13
953,43,927.93,19,High School,Valparaiso,49,yes,228.96
954,63,,18,,Concepción,50,yes,159.22
955,51,1221.75,19,Bachelors,Valparaíso,29,Yes,403.37
956,66,1218.48,34,Master,Concepción,34,No,364.31
957,31,,1,phd,Valparaiso,37,yes,260.9
958,43,849.33,29,PhD,Santiago,42,No,225.93
959,62,697.14,33,,Santiago,52,No,198.71
960,44,,21,bachelor,Concepción,35,yes,282.88
961,26,627.17,2,Bachelor,Valparaiso,57,no,192.53
962,43,,5,High School,santiago,54,Yes,51.17
963,64,121.47,14,Bachelor,Valparaíso,53,No,16.98
964,39,600.13,26,bachelor,Valparaíso,47,no,208.9
965,64,839.09,9,bachelor,Valparaiso,21,yes,261.78
966,47,882.99,8,High School,santiago,49,No,272.56
967,60,678.31,32,PhD,Santiago,32,No,258.94
968,65,4177.3,31,bachelor,Concepcion,100,No,243.99
969,34,731.44,5,Master,Concepcion,24,no,215.66
970,43,550.17,35,phd,Valparaiso,47,no,189.69
971,53,786.56,1,phd,santiago,58,no,198.72
972,18,1003.24,28,Bachelors,,39,No,314.04
973,25,,3,bachelor,,43,No,162.01
974,66,561.6,0,bachelor,Santiago,46,Yes,242.6
975,52,532.69,18,Master,Concepción,49,Yes,162.0
976,69,315.87,25,Bachelor,santiago,46,no,132.77
977,32,679.95,24,Bachelor,Concepción,45,no,231.88
978,64,978.52,9,,Concepcion,26,yes,258.16
979,39,843.48,14,,Concepción,57,no,202.18
980,31,757.69,21,PhD,Santiago,24,Yes,240.42
981,43,832.27,20,High School,Santiago,42,Yes,289.0
982,45,677.75,21,Master,Concepción,47,Yes,213.06
983,40,313.03,35,High School,Valparaiso,53,No,103.17
984,31,995.93,33,,santiago,34,No,299.96
985,41,1067.78,29,Bachelors,Valparaiso,51,no,284.92
986,19,617.96,24,,Concepción,45,yes,159.57
987,62,762.29,27,Bachelors,santiago,50,yes,183.52
988,43,740.75,0,High School,,38,yes,181.53
989,31,887.82,3,Master,Valparaiso,28,No,246.47
990,68,1222.47,6,Bachelors,Valparaiso,48,Yes,383.42
991,24,1089.95,8,Bachelor,Concepción,58,Yes,306.03
992,20,,35,,Concepcion,23,No,232.3
993,64,935.62,18,Bachelors,,22,yes,289.34
994,40,1113.59,0,Master,Valparaiso,48,yes,339.45
995,63,902.09,9,Master,,30,no,238.08
996,60,798.83,35,Bachelors,Concepcion,52,no,278.52
997,64,4557.5,8,bachelor,Concepción,100,yes,223.83
998,62,624.18,31,Master,Concepción,30,No,183.32
999,35,660.68,31,PhD,Valparaiso,46,yes,203.88
1000,55,533.99,5,PhD,Valparaiso,52,no,175.1
1001,52,876.77,37,,Valparaíso,40,yes,314.91
1002,68,767.15,16,High School,,58,No,249.59
1003,32,594.22,9,Bachelors,Valparaiso,50,Yes,215.24
1004,42,758.96,26,,Santiago,57,No,204.41
1005,54,917.5,34,Bachelor,Concepcion,21,No,323.76
1006,45,1278.68,20,Bachelors,Santiago,46,no,414.96
1007,27,1053.02,24,Master,Concepcion,55,No,245.02
1008,56,,27,PhD,Concepción,30,No,69.57
1009,34,859.83,14,,Valparaíso,37,no,275.61
1010,56,,3,bachelor,Valparaiso,20,no,329.24
1011,39,465.53,28,phd,Valparaiso,54,Yes,110.28
1012,43,,8,PhD,Valparaiso,54,yes,337.99
1013,61,740.84,26,High School,Concepción,50,No,228.58
1014,42,1087.57,25,High School,Concepcion,47,no,333.52
1015,34,901.06,18,phd,Valparaiso,58,Yes,228.45
1016,30,579.0,27,Master,,20,yes,164.83
1017,37,,16,,Valparaiso,44,no,197.2
1018,42,764.58,19,Master,Concepción,57,yes,259.84
1019,21,769.21,39,phd,Valparaíso,39,yes,257.6
1020,27,1079.82,38,Master,Santiago,22,No,321.43
1021,20,589.35,22,PhD,Valparaiso,21,No,200.42
1022,58,1050.76,31,bachelor,Valparaiso,37,no,315.72
1023,62,,32,Master,santiago,29,yes,234.57
1024,35,855.88,4,PhD,,24,no,260.86
1025,64,,33,bachelor,Santiago,28,no,268.94
1026,53,794.55,39,High School,santiago,21,yes,262.65
1027,64,796.6,10,Bachelors,Valparaíso,53,no,246.01
1028,39,1164.34,2,phd,Concepcion,57,yes,376.58
1029,51,1010.61,32,High School,,50,yes,328.4
1030,64,,10,Bachelors,Valparaiso,29,yes,201.89
1031,25,1195.7,15,High School,Santiago,31,yes,357.07
1032,57,868.67,17,Bachelor,Valparaiso,55,Yes,295.01
1033,66,889.41,29,,Concepcion,40,yes,276.7
1034,61,590.67,9,PhD,Valparaiso,25,No,165.48
1035,36,675.63,17,bachelor,,22,No,187.85
1036,59,627.87,37,High School,Concepción,29,No,209.25
1037,58,821.52,18,Master,,24,yes,225.01
1038,54,959.7,35,Bachelors,Valparaíso,45,No,334.95
1039,23,891.81,12,High School,Concepción,40,Yes,234.41
1040,69,1197.01,2,,Concepcion,45,no,395.45
1041,43,578.06,9,PhD,Concepcion,57,yes,157.96
1042,51,828.72,37,,Santiago,45,No,225.81
1043,62,,0,Bachelors,,27,Yes,144.06
1044,23,569.53,26,phd,Valparaíso,24,no,150.47
1045,54,1116.14,7,,santiago,34,Yes,332.57
1046,50,684.21,16,,santiago,35,No,188.94
1047,39,599.16,8,bachelor,Concepción,20,Yes,208.1
1048,38,267.51,5,bachelor,,35,no,79.86
1049,23,596.66,24,PhD,santiago,56,No,144.14
1050,23,748.68,38,,Concepción,22,no,221.29
1051,65,460.65,27,PhD,Valparaiso,50,Yes,162.84
1052,21,734.3,32,High School,santiago,32,yes,268.5
1053,47,1117.66,36,Master,Valparaíso,35,yes,344.94
1054,28,623.17,8,bachelor,Valparaiso,40,yes,151.62
1055,47,564.15,17,Bachelors,Concepción,21,yes,205.17
1056,48,519.02,20,phd,Concepcion,46,no,177.52
1057,41,514.56,1,PhD,Santiago,57,yes,182.66
1058,26,933.89,37,High School,santiago,45,no,298.37
1059,20,812.17,39,,Concepcion,57,No,236.13
1060,68,1039.21,35,phd,Concepción,44,yes,335.97
1061,48,1304.96,36,phd,Valparaíso,30,no,413.28
1062,57,342.4,14,bachelor,Santiago,27,yes,87.07
1063,54,895.02,27,PhD,Concepcion,27,yes,282.57
1064,53,520.35,17,phd,Santiago,52,yes,148.35
1065,41,997.22,33,Master,santiago,26,no,332.77
1066,48,732.02,21,Master,Concepción,57,Yes,233.47
1067,23,806.83,10,PhD,Valparaíso,40,yes,207.5
1068,19,479.21,12,High School,Concepción,27,yes,109.79
1069,37,693.39,3,phd,Santiago,40,No,198.82
1070,45,822.42,21,bachelor,Concepcion,39,Yes,250.41
1071,28,1139.02,6,bachelor,santiago,27,no,362.14
1072,21,601.36,23,High School,santiago,50,No,197.31
1073,32,662.33,3,bachelor,Concepción,48,yes,234.36
1074,23,1036.07,27,,Concepcion,28,No,304.71
1075,66,585.16,14,PhD,Concepcion,34,No,160.02
1076,47,1085.6,0,bachelor,Santiago,49,yes,287.09
1077,55,797.73,2,Master,,45,Yes,253.8
1078,68,875.78,13,phd,Concepción,29,Yes,264.09
1079,19,891.88,37,Bachelors,Valparaiso,48,No,220.86
1080,32,645.94,0,,,35,yes,192.85
1081,28,897.47,37,Bachelors,santiago,55,no,284.72
1082,25,,37,bachelor,Santiago,39,No,188.44
1083,43,674.47,20,Bachelors,Concepcion,56,no,210.04
1084,68,939.67,28,Bachelors,Concepción,41,No,251.09
1085,62,873.35,4,Bachelor,Santiago,26,No,308.04
1086,61,781.26,9,Master,Concepción,42,yes,241.89
1087,22,485.32,27,High School,Concepcion,59,yes,94.09
1088,23,547.71,20,Master,Valparaíso,48,no,164.54
1089,43,,6,,Concepcion,35,no,268.96
1090,21,983.04,2,,Concepcion,57,Yes,251.12
1091,36,522.59,19,Bachelors,Concepcion,47,yes,172.89
1092,37,590.04,18,PhD,Concepción,57,No,225.04
1093,50,,34,phd,Valparaiso,50,No,237.73
1094,37,828.2,3,phd,Concepcion,33,Yes,256.21
1095,66,394.01,4,Bachelors,santiago,52,yes,116.06
1096,29,840.39,0,phd,,28,No,275.57
1097,64,650.41,3,Bachelor,Santiago,46,Yes,184.16
1098,18,1210.26,11,Master,Valparaiso,43,Yes,327.98
1099,43,,26,,Santiago,32,No,292.42
1100,31,905.37,22,High School,santiago,45,No,243.39
1101,55,911.84,24,Bachelors,santiago,48,no,330.22
1102,54,496.52,20,PhD,Valparaíso,47,yes,166.38
1103,28,1285.97,23,Bachelors,Concepcion,47,no,369.92
1104,53,394.27,24,bachelor,santiago,27,Yes,158.14
1105,30,998.93,31,Bachelors,Concepción,42,No,306.5
1106,60,954.67,31,Bachelor,Concepción,48,no,285.66
1107,20,680.75,4,Master,Santiago,24,Yes,181.0
1108,50,966.61,35,,Santiago,26,yes,245.94
1109,23,720.61,38,High School,Concepcion,55,No,242.31
1110,67,631.13,15,phd,Concepcion,46,no,138.8
1111,27,917.39,32,Bachelor,,21,yes,263.22
1112,22,548.36,20,bachelor,Valparaiso,44,no,178.69
1113,40,743.94,8,Bachelor,Santiago,28,Yes,206.56
1114,27,651.46,5,Bachelors,Concepcion,46,yes,193.45
1115,61,716.01,34,Bachelor,Santiago,20,no,191.39
1116,19,908.18,38,Bachelor,Concepcion,42,yes,272.6
1117,30,651.41,21,High School,santiago,29,Yes,205.02
1118,57,751.92,4,bachelor,Santiago,44,yes,190.23
1119,19,674.21,22,Bachelors,santiago,22,no,259.45
1120,37,1161.0,16,PhD,Santiago,25,Yes,332.18
1121,18,885.65,11,High School,Valparaiso,25,No,307.55
1122,54,855.02,22,PhD,Valparaíso,21,no,258.27
1123,26,970.85,15,High School,Concepción,37,no,244.3
1124,34,651.47,2,Master,Concepción,42,Yes,153.93
1125,26,,29,High School,Concepción,21,Yes,320.03
1126,28,886.54,21,phd,,31,No,301.25
1127,32,409.78,8,Bachelor,Concepcion,41,no,171.83
1128,41,442.99,28,Master,Concepción,56,Yes,139.54
1129,55,656.93,36,bachelor,,39,No,171.96
1130,52,469.75,22,PhD,Concepción,58,No,148.68
1131,47,740.43,12,High School,,43,Yes,194.77
1132,48,546.57,31,Bachelor,santiago,39,no,183.44
1133,66,775.57,22,bachelor,Santiago,20,yes,211.43
1134,22,1152.93,16,phd,Santiago,20,yes,287.19
1135,61,,39,bachelor,Santiago,36,No,288.1
1136,67,724.26,20,Bachelor,Valparaíso,20,yes,216.49
1137,31,897.06,1,phd,Valparaíso,49,yes,261.31
1138,28,625.9,36,bachelor,Concepcion,22,Yes,231.27
1139,26,,5,,santiago,30,No,356.12
1140,51,923.8,17,High School,Valparaiso,43,no,298.64
1141,29,809.72,29,High School,Valparaiso,41,No,252.31
1142,52,838.58,21,Bachelor,Valparaiso,45,Yes,266.96
1143,52,1310.44,32,Bachelor,Santiago,32,yes,393.89
1144,18,1035.58,29,phd,,20,no,322.26
1145,57,1349.88,16,Bachelors,santiago,43,No,408.71
1146,39,933.01,31,Master,Santiago,29,yes,266.0
1147,46,432.08,13,bachelor,Valparaíso,54,No,125.96
1148,25,734.46,9,bachelor,Valparaíso,43,no,227.25
1149,28,374.95,35,Bachelors,Concepción,47,No,136.1
1150,58,932.08,33,Bachelors,Concepción,55,No,298.24
1151,54,,8,Bachelors,santiago,35,No,252.73
1152,31,578.52,27,PhD,,59,yes,212.13
1153,47,636.09,10,PhD,santiago,35,no,223.22
1154,52,837.19,13,phd,Santiago,36,no,247.57
1155,38,500.47,38,,Concepcion,34,yes,176.01
1156,54,481.71,18,High School,santiago,35,yes,140.02
1157,22,1109.66,14,High School,Concepción,34,yes,355.66
1158,36,828.68,27,Bachelor,Concepcion,53,Yes,227.08
1159,31,660.47,23,phd,Santiago,30,No,243.91
1160,43,376.97,7,bachelor,Concepcion,20,No,133.66
1161,21,1013.09,8,Master,Valparaiso,34,no,322.89
1162,42,628.87,32,Bachelor,Concepcion,45,No,192.51
1163,62,1265.17,32,bachelor,santiago,23,Yes,348.57
1164,59,,18,bachelor,Santiago,24,yes,335.17
1165,42,597.96,2,,santiago,54,no,128.2
1166,35,621.13,9,Bachelors,Concepción,32,no,211.32
1167,57,1230.46,39,Bachelors,Valparaiso,29,No,359.67
1168,25,778.94,0,Bachelor,Concepción,30,no,180.07
1169,56,,28,Bachelors,santiago,37,yes,208.13
1170,57,806.93,33,bachelor,santiago,53,no,283.46
1171,31,670.52,12,Bachelors,santiago,58,yes,166.59
1172,49,860.26,0,PhD,Valparaíso,42,Yes,297.65
1173,68,781.04,33,Bachelors,Valparaiso,26,Yes,265.31
1174,55,1018.88,28,bachelor,santiago,58,yes,312.77
1175,50,702.86,12,phd,santiago,22,No,199.39
1176,40,578.8,28,Bachelor,Concepción,31,no,170.46
1177,32,712.75,38,Master,Concepción,26,No,240.53
1178,50,711.23,23,Bachelors,santiago,45,no,241.25
1179,42,780.62,25,High School,Santiago,52,Yes,218.48
1180,34,,16,High School,,56,Yes,260.2
1181,50,944.98,6,bachelor,Concepción,34,Yes,273.28
1182,64,1099.91,12,Master,Santiago,21,no,373.58
1183,19,,4,,Valparaíso,26,Yes,139.43
1184,31,,25,PhD,santiago,51,Yes,305.73
1185,57,981.83,2,Master,Valparaiso,23,Yes,292.22
1186,57,631.44,6,High School,Concepcion,39,Yes,135.05
1187,68,,38,phd,Concepcion,55,No,218.58
1188,56,362.51,0,bachelor,santiago,51,Yes,116.84
1189,68,,16,bachelor,Concepción,47,Yes,360.67
1190,23,746.13,24,Bachelors,Santiago,32,No,189.62
1191,23,1001.64,2,Bachelors,Valparaiso,20,No,212.92
1192,20,851.51,14,Bachelors,Valparaíso,54,no,212.37
1193,24,753.71,28,High School,santiago,49,yes,264.23
1194,68,401.8,31,High School,Valparaiso,55,Yes,71.23
1195,25,446.26,25,High School,Valparaiso,44,Yes,182.5
1196,59,151.71,15,High School,Concepción,35,Yes,82.46
1197,69,659.35,24,High School,,38,no,207.94
1198,32,1369.56,27,High School,Valparaiso,20,Yes,401.58
1199,64,478.01,8,phd,Concepción,24,yes,144.26
1200,46,142.14,0,High School,Santiago,41,No,52.77
1193,24,753.71,28,High School,santiago,49,yes,264.23
835,40,722.86,31,High School,Valparaiso,51,No,256.54
94,41,621.05,37,Bachelors,Concepción,45,No,228.77
397,35,815.63,26,High School,Concepción,42,no,266.52
232,40,921.29,23,Bachelors,Concepcion,52,No,271.16
131,41,5187.150000000001,34,phd,Valparaiso,100,Yes,280.86
1168,25,778.94,0,Bachelor,Concepción,30,no,180.07
205,54,722.41,4,PhD,Concepcion,45,No,219.56
494,51,485.02,16,Master,Valparaiso,46,no,163.43
738,49,809.03,36,bachelor,Concepción,38,Yes,206.5
181,62,859.0,20,Master,santiago,28,No,240.39
748,36,,23,Bachelors,Concepción,20,No,185.94
238,19,207.1,13,phd,Valparaiso,30,No,18.23
989,31,887.82,3,Master,Valparaiso,28,No,246.47
163,21,1096.54,17,,santiago,40,Yes,305.7
4,32,1052.47,19,Bachelor,Concepción,41,no,282.51
1185,57,981.83,2,Master,Valparaiso,23,Yes,292.22
1077,55,797.73,2,Master,,45,Yes,253.8
417,50,655.07,20,bachelor,Concepción,30,no,214.42
434,18,796.61,36,Bachelor,Concepción,31,No,241.9
695,25,838.86,17,PhD,santiago,53,no,259.55
1144,18,1035.58,29,phd,,20,no,322.26
77,61,459.32,2,bachelor,Valparaíso,26,yes,155.78
1189,68,,16,bachelor,Concepción,47,Yes,360.67
742,33,685.26,26,Bachelor,Valparaíso,49,No,202.16
267,20,767.95,11,High School,Concepción,21,yes,282.51
1130,52,469.75,22,PhD,Concepción,58,No,148.68
734,55,1049.45,26,bachelor,santiago,43,No,334.44
1118,57,751.92,4,bachelor,Santiago,44,yes,190.23
35,33,960.84,24,Master,Concepcion,46,yes,254.62
103,42,,33,phd,Valparaíso,26,no,96.4
889,32,861.25,16,PhD,Santiago,21,Yes,249.3
408,39,1015.28,16,Bachelor,Concepción,53,yes,303.77
323,42,712.21,37,High School,,31,Yes,211.52
251,51,996.54,7,Master,Concepción,47,No,274.07
121,58,882.58,3,PhD,Valparaiso,36,No,251.03
637,66,534.15,12,bachelor,Santiago,24,yes,160.05
518,66,,24,Master,santiago,53,yes,140.56
1152,31,578.52,27,PhD,,59,yes,212.13
14,53,250.87,20,Bachelors,Valparaíso,50,No,96.32
373,66,891.38,17,Master,Valparaiso,36,Yes,310.6
1150,58,932.08,33,Bachelors,Concepción,55,No,298.24
283,67,754.75,35,PhD,Valparaíso,38,Yes,255.31
1014,42,1087.57,25,High School,Concepcion,47,no,333.52
231,45,1310.6,32,Bachelor,Valparaiso,26,No,427.59
255,65,915.02,4,bachelor,Concepcion,28,yes,291.93
99,46,1153.74,34,Master,Valparaiso,48,No,323.92
356,62,507.16,19,PhD,Valparaiso,40,yes,163.93
116,52,535.62,38,phd,santiago,45,No,190.48
950,22,1018.93,37,Bachelors,Valparaiso,37,no,343.36
