asistencia,tareas,promedio,abandono
50.50474984217903,4.025754264739578,1.4131085983242198,1
73.9372713651202,7.181062470168629,5.296828568680317,0
99.86645275615548,7.576777565417938,5.7231042144262,0
45.533812516913244,4.982729065106721,4.453585826980755,1
66.54279026603191,8.324000570122987,4.0995825519133655,0
78.75591073252049,8.418175828934052,5.382980809311544,0
75.28093385073129,6.757045919555979,4.439756482766278,1
48.59532641611821,6.387246535970873,4.355426919439819,1
61.11262088289739,2.697825422867383,2.5112625261332804,1
75.84781447874782,7.873197364819326,3.9737251778512483,1
76.65247855457187,8.240732837212372,5.970939968432025,0
73.42053319133942,4.323091893831323,4.703076010556127,1
92.24425822777461,8.520239891758267,5.320850298032724,0
81.23236767161431,8.26622711921582,4.932222374462513,0
88.20109438736397,7.7799615632177614,5.379881753318485,0
85.11171269842707,9.415035673882498,6.0100340379323445,0
81.89665169659905,9.269031982159902,5.1990105720229645,0
83.98590857600756,9.501920934102463,5.547870097112427,0
52.785956219456594,5.220019871026827,3.8606478365480776,1
59.096870376283654,7.446530082213047,4.576253630029279,1
89.97136799773135,8.512310596706401,6.209840264992171,0
63.38069275168076,1.4333148760119925,3.736140530330993,1
63.12101165947733,0.08773773156624953,2.183092819038465,1
48.462991898606894,8.575214541842133,2.5155253414059002,1
99.0192974911015,8.322630586473082,5.647675408623934,0
82.12226564243704,8.333809693302642,5.056142770619245,0
59.1234150656356,4.601413513616903,5.484826075891908,1
96.13076527197131,7.6155454682916455,5.370231225188047,0
41.87115612196881,2.6522176122035863,4.358347252687641,1
91.64655583115194,9.809086466670426,5.655502457025886,0
90.63548318667303,8.523219648579484,5.544458321230748,0
85.80426073643683,7.075437674245569,6.3480628552204195,0
62.179591779993686,7.338180893760043,6.550803946770274,0
90.29169907307161,9.670834008333811,5.789883088867998,0
75.08331057392097,8.758697795963755,5.383292343067814,0
75.59742497295849,8.492344985822085,6.26639893066474,0
91.19914891256154,7.083417380787121,5.194582653645277,0
50.18638592966117,5.916246567636158,3.9483706296483407,1
75.59025972186515,8.276371497948622,5.385655230101823,0
67.85347572815604,8.529000128334832,5.192019823132766,0
82.00092739854814,6.921026939144694,6.743920256007812,0
61.04314855582873,1.0887045706765268,4.11484668305135,1
80.29308049229711,7.95136114079189,5.703701467329189,0
65.5993427920863,5.651508302685762,4.032224030531988,1
91.6888218317166,7.387606612459383,5.187652234444305,0
57.40460789963081,4.815616414032238,2.956545858069056,1
55.29245919586392,3.8243323965175895,2.6280100944669025,1
49.381468978359294,2.5238455600482483,4.009612362596219,1
85.39161616204225,8.0914211720378,5.612365926670699,0
54.502434842736,4.245551335036322,3.2180664193196873,1
48.28591788991904,5.109399724528029,3.7499466348400197,1
87.48183649956079,9.272043506971535,6.319677377231683,0
68.12560470090942,8.767908099453726,4.917120071815627,0
91.38988106592326,8.11903711799943,5.291486433242617,0
64.67953073834212,4.036845643777216,3.9858329743679515,1
87.43828821659896,8.963709016654317,5.710293805109933,0
85.50995621637013,7.280290552301132,4.531000812088804,0
88.44094463318024,9.287189782219343,6.231862587851711,0
51.40219139322928,5.5569982140021885,5.594154034685133,1
66.22532510031097,5.5139183237768465,4.082177226344557,1
81.78433436225943,8.293285529467134,5.542357944143338,0
77.11439329692229,7.273956541822493,5.214374074501275,0
80.94347687165484,9.24096944088046,4.286891568542057,0
90.40814650248473,8.808775076192688,5.964962472529986,0
73.2388392981742,8.16936737192335,5.4799532740505175,0
87.64586088240279,7.429396320389453,5.18077989405853,0
46.369853628034086,5.555745800974135,5.379179859076667,1
69.87214045921014,8.11561773052893,5.76814163603344,0
86.79681777009289,6.612368524341199,4.351597892691,0
87.70423204698734,9.94528768723087,5.6281899538879605,0
70.11686016275728,6.625300150245964,6.154919989324924,0
80.35125542520046,9.157285048982553,6.545665623855697,0
59.17726956839568,3.301042340298922,3.9444094340896627,1
53.340859299086276,2.4046553170684337,3.2735735120046865,1
84.71809860052825,5.475773115641009,4.985110000628572,0
69.95456008264195,7.17443094161352,5.533901559275667,0
86.84823689505653,7.271995964709703,4.187513235268967,0
86.95795778929674,9.071604511217988,4.624645550147868,0
82.91988074236306,6.843676509097587,5.970337438912691,0
80.29451199515881,8.10361389862979,5.640914209095168,0
77.58063913127647,8.633019992213237,6.704063455421368,0
86.73764979061238,7.431056574726117,5.923963989974984,0
62.38804223244776,1.29776481211641,4.536150896330733,1
82.03509994177205,6.785171071189045,5.11609039591702,0
34.80961526202576,2.2019761453733153,3.366163726284688,1
88.94430215905781,9.806177028615672,4.229034041386316,0
83.18031628727077,10.896703600139066,5.780296631025516,0
60.30826511050624,0.8050114527164176,5.3180183198636195,1
91.65319165818025,8.091463177297308,4.769135350966453,0
79.46540251724765,8.842068101325687,4.601357964155811,0
47.5278432381255,3.3602069017151215,3.7640006086808615,1
86.3927610975486,6.9284320421633545,5.3440171751170595,0
54.127996737993584,-1.517603561064922,4.364659079499739,1
81.59177209512642,6.382180993430438,5.712261826760496,0
94.53164713105663,7.81816837608774,5.019585921123764,0
79.90908253459136,6.8232080480674835,5.492407239963071,0
83.5315361270663,7.853451395324694,7.037109319669906,0
84.5043076369507,8.8654675987573,5.857488098793591,0
107.60006845740949,7.793451709347622,5.151126727055829,0
82.43209932917536,7.893828515419003,6.608276646684371,0
69.71227895206508,5.523845187253422,3.723534589916338,1
38.59758765357603,5.242660029763161,2.6971406915247336,1
44.175627850142064,4.893239544386643,4.940935884501144,1
93.26557114317535,8.787252891965451,5.854891597621432,0
73.04312252444083,7.9786823001583445,6.051585221029523,0
20.21680711777573,6.774651937343109,3.094525094591557,1
84.4414668492742,8.548883217073021,5.447897099516081,0
78.62452402206378,7.790014048554072,5.242762233296454,0
63.65180536678089,4.360330050369739,4.050291841744794,1
74.73521858846696,7.533675155257972,5.766853034481966,0
84.34704328393097,8.507052818085917,5.645875735245422,0
89.8205967535763,7.676761997395005,5.603420813485711,0
85.43376208506646,8.792080455969423,5.086406427394852,0
98.03309254422878,9.146666783111277,4.673159287995235,0
79.7574267590118,6.490235533006441,5.824565092919502,0
69.12859689421077,2.410960675343528,3.0060580180006466,1
61.08981813476602,5.586576197381457,3.820643560412371,1
95.65183396287834,8.488343300679219,5.267445869669473,0
90.43832525595782,8.22006304583224,4.946547020800255,0
47.79224743683079,4.243089201025153,3.768389053208354,1
83.58454749293296,8.67351910637309,6.16516496680435,0
75.48466303429356,8.80790578170418,5.559414952149575,0
81.7246159604449,8.982491233182689,5.6086042788224875,0
86.52466304780052,8.4106361507366,6.501502561378047,0
87.08015128882285,9.783394945392448,6.538923659908303,0
96.94460880085032,8.382820318566267,6.37474654272801,0
76.59345808896475,8.123658526263132,5.447928533165613,0
44.57011280429755,3.062163766038324,3.685924789350966,1
91.13271167203331,6.53344505472814,5.682540566177654,0
79.38806160490921,8.02518517166132,6.198443374894519,0
84.26112517092267,8.20050376734624,5.981998086077366,0
83.4755144891332,8.833449429109711,6.133394534281869,0
44.37094513733704,7.009465630624951,4.051554955312821,1
71.82287492598887,8.571241057527013,6.537976497911453,0
91.0143905472326,8.331587455516622,4.729576115686052,0
98.38704835592488,10.076447578798094,4.50212090976097,0
89.7983266499256,7.208886942243418,5.999204311023122,0
74.69631188513577,8.492829685356714,5.055738724500238,0
57.406719198283234,4.006268106070956,4.413419883857915,1
77.51526925068978,7.2077030112721765,5.155173934441761,0
81.93507578599424,9.042072326998067,5.456351409759211,0
93.20431872349124,8.431421120660687,5.285720431149742,0
80.0168908572111,8.912538055953371,4.7891923551892805,0
80.58558660377263,7.514104448203174,5.715646637973045,0
98.26935969181687,7.204823017233477,4.538764757931123,0
87.33586387948267,8.752771010257163,5.541458057928302,0
81.9855741405993,6.444848990682895,4.960207789153539,0
82.64049080008421,8.492271193919194,6.236040435577927,0
63.5890775162046,2.549603116688549,3.7100458205743974,1
60.74995874712978,2.510720399409295,3.473377761120031,1
84.88739908393983,10.14558975372796,5.168740501400852,0
53.20410555895414,3.9159930277228674,3.321994122677707,1
41.01355273974936,6.262850255155319,3.0658807386534943,1
63.95870973278588,2.0311149248552702,3.9452384229981643,1
72.91859191311183,8.068523219329359,5.310625946887071,0
84.32693955452908,7.629361481056832,5.096485033860827,0
81.56130090985286,7.596062482085641,6.600796656881822,0
76.66924681036801,8.785329852660814,5.874797016109139,0
45.15806280659482,7.061481246401392,3.4627144657924314,1
86.80636989399778,8.148026382207089,4.694747091234688,0
90.97943470219366,8.366611972125154,4.159490530492154,0
73.29947507021322,8.638387846484097,6.076399994002084,0
68.97295566919078,3.674282539566491,3.29323146173268,1
78.45068240550445,9.06094744313705,5.463525623811763,0
49.46276600490175,4.022569470817672,3.6278376822316947,1
89.59145463998615,8.550841427547857,4.9410597049734495,0
81.52544948785855,6.620070276040885,5.871101246615974,0
83.89180260465267,9.028760041170635,5.758346161989763,0
82.16871641291998,6.856983129220708,5.914073528756879,0
95.81130536344189,6.501447694305173,5.748787791072432,0
82.05578069135602,1.7795395699772611,3.4664383574364086,1
78.11108303568264,8.308914025942046,5.176420913560397,0
91.51715093204355,9.351435387770131,4.740257373440414,0
80.00882399772955,7.716152510111806,6.354740120812244,0
87.07370015527624,8.62009344850959,4.297306778946188,0
99.87993695940578,8.629184774233908,5.5840862260753505,0
81.30914282685761,7.507828802385138,5.768319011943151,0
58.058307981751746,3.64724365925645,3.2985418804748705,1
59.420140771810246,3.6481274533690873,2.971551710268994,1
45.4392815121481,4.5780906932393,3.2118828495083394,1
41.547219573796966,2.8038657919670102,4.329566685107621,1
79.53032471448729,8.784853636527675,2.481830940036623,1
101.58734131529798,8.600577879670428,5.229844648000276,0
79.30853459639536,8.96513902493171,6.130635449354576,0
72.02856046212702,2.193264976916468,2.9646663379698444,1
90.3596106006627,7.236656596405436,5.037157007760909,0
60.32585612844907,-1.3957646273335973,2.8999853390991595,1
74.00893415184369,5.132609251025068,2.6440780577083416,1
90.26038957360421,7.676234488067563,4.826767633699064,0
74.11202121620687,7.452507695108502,5.673722416141656,0
95.24302130094821,7.696256832970668,4.962500846474276,0
85.18032407201763,7.081674679995725,5.609046281284325,0
46.00875428306882,5.539160107374279,3.6923247572997515,1
87.35988171538202,8.322463074949061,5.869978400003329,0
79.96751717032629,9.142652253517394,5.737921109707332,0
99.02583067211718,7.361292032533918,6.2644154653928235,0
83.22545468842851,7.7991567515191225,4.050306425545017,0
83.77391208581756,8.971675058206399,5.892489933525668,0
77.38675167461604,7.910474333087434,5.778604225625845,0
79.51998524662058,9.936370595917937,6.513264894924939,0
93.21781189654666,7.747957654281347,6.574569854555973,0
84.40171720219061,2.70882888439382,4.900188397178364,1
70.36131969695228,8.221781430202089,5.878082553008781,0
74.73258786160416,9.150160910241853,5.0811416129709395,0
78.7875838752777,7.576747998545745,5.575757949284432,0
74.09159989332116,5.800310587555042,3.09261551505526,1
67.68642091677883,3.256935511497304,3.093130149977583,1
79.12103251072097,7.672543078286872,4.7842812212728845,0
76.15357800641605,7.113385353556609,5.441688749897799,0
94.0706679612087,9.15235460951588,6.067972023119667,0
88.2863304236001,8.674625476345973,6.93945300411364,0
83.22649249284581,8.168446076969728,4.721628421535758,0
87.10375823039232,9.473044576682485,5.614346854966709,0
53.59313477925633,6.4413132403511195,3.5093139515620595,1
85.07138808080181,10.681942995867256,6.078001927452595,0
83.48101015348946,8.010271368412175,4.520679852244764,0
65.14849168116243,1.259553505585051,3.4538914356326025,1
87.3282822339048,7.169914571906335,6.454814548875017,0
64.6774219407048,3.5095088027591634,4.177517811961037,1
83.39623575694537,7.815580357718596,5.695212229893131,0
75.701220281826,3.331657741793529,3.7581633498337803,1
84.24365186908118,6.508693497322735,6.646348700475712,0
82.57959687439008,7.795478563233741,5.521077608745772,0
50.32648947717845,1.9010252584380223,2.456703022392097,1
73.97973568294212,8.12840900463379,5.2612339533994525,0
81.15881931479038,7.703476295669932,5.37817634497863,0
84.62935676257638,6.934540118933907,5.953261059362167,0
80.56890637098797,5.943029620958648,4.335982193402761,1
83.71416634075388,8.52383147843739,6.670179278776136,0
60.05107055133983,2.7760943139222998,4.546049493790947,1
79.78994524727295,7.621296404313566,6.3600509907141145,0
93.5015497040056,8.432527091245293,5.735153918855824,0
86.71063198260127,9.141705678041607,5.01793233170494,0
48.748086451698256,3.0061336566050514,3.910113143625878,1
67.01515407480406,5.8432806062655605,3.9606222615815248,1
76.55424491810325,9.579887711839122,5.012600866300111,0
68.94258345568458,6.607782293968048,3.376219962842521,1
73.40130879914301,8.531651496834424,4.733103266751099,0
79.11867388815092,7.300330005765171,4.646836602890121,0
68.17335563302719,5.247281317227577,4.471799985784602,1
89.49307369949459,8.381349601200599,5.73848123652367,0
88.37184895014018,6.939003848282167,5.496225096399235,0
80.68195666192895,6.933896594352495,6.284536066354999,0
86.28140765413931,7.618376854725982,5.9024812005297775,0
82.63859290425773,9.289154520178807,4.9268206466558295,0
86.99537319870518,8.772257155654826,5.194228305249286,0
41.72905938546677,2.48411584551203,4.329397519043498,1
87.11795716989481,8.031632895807078,5.063352279350232,0
82.82377404894252,7.367396446543152,5.6416810070714,0
69.85328907047847,7.064392549428013,5.082067442684853,0
96.39663392076062,7.6301428621995075,6.117247496816367,0
87.20152907236361,7.394041926035006,6.002195647518938,0
51.54715393094531,7.059168561000844,3.231166800058913,1
84.07509264711803,9.493976684915648,5.358247511730689,0
84.53011367199758,8.39848215790664,5.166420238184136,0
58.16800747323796,0.8298414120547433,2.691916093942906,1
33.18590422354852,5.064836217410502,3.8262836351693164,1
54.640067628750096,7.4646037482374314,4.204119945306768,1
73.8571620122081,8.82971478086906,4.333008897389506,0
57.47499285181956,3.214065425830671,4.169853847589398,1
79.01211014492314,8.199640184077449,6.195204195048726,0
56.10265945411526,3.0364547068639416,2.9352170140822627,1
81.98398058331836,7.54739625513381,5.338056015563064,0
80.61299177385938,8.611174031824547,5.617674326894718,0
77.30267113493491,7.6715248006290935,4.914618127525388,0
93.40549397004715,8.393115347511682,6.900483034941109,0
81.45103238252891,6.578199376545074,4.92054849218407,0
96.52090628027966,7.822091711411934,5.082831402935593,0
97.0899369588148,9.877890897626703,5.401125544288147,0
81.43013571101336,7.744157791232194,5.699236451804739,0
99.1152455585221,8.157279007851816,5.219840111354563,0
87.33223571374491,8.052892602322128,5.2730056494603215,0
59.06975648968741,8.824952160238361,3.8003770885881822,1
79.32630320907307,6.582210478234098,4.623383573362547,0
75.63612764793302,6.807409737108509,2.9265272029334337,1
40.0009840742958,4.416771801694053,2.9404622242136873,1
79.82428027526994,8.846648382888652,5.011840222611316,0
75.9150136209989,9.078813557910872,6.47535086546232,0
82.61523604849432,7.395689722215615,5.946986228332876,0
86.52479097859249,6.215479349551153,4.679055628966086,0
83.52014584900648,7.327090904644957,5.368799603499279,0
96.82788737043181,8.085124717604167,4.352673597145948,0
40.752103282049845,1.9582829988363648,3.9206016859763766,1
56.48864416833641,4.773458231329391,4.860968335421558,1
75.61152837497212,0.02439435895053288,4.957570318714844,1
79.0384951011917,7.5522522802249386,5.328601767978933,0
97.66646513790799,8.05182880414721,4.991604969323689,0
79.15375961908009,6.789080438571192,5.404176973174639,0
84.4722451306792,8.33975543728444,5.248752197645175,0
39.04013234045075,4.296229033573041,4.889003536966357,1
98.0290923237115,7.314659677612577,5.9869938889574,0
78.68717439795991,8.214313871404016,4.851470112917402,0
85.27383310055374,9.997543230368885,5.051394224471917,0
54.610231168211605,2.0480225927107716,2.0866622316420447,1
85.43589407229818,8.50208930658694,5.8797183712456995,0
78.33390045418525,5.870649942870915,5.740728892473147,0
107.20809531832558,8.3157940940164,4.0703111615503955,0
80.3353201129614,8.526359015239036,5.645703906086425,0
89.01118638257304,6.727101624770853,6.572327468191117,0
72.33230441940066,5.723277012310623,3.813909017245937,1
84.19257694407008,8.232104812222858,6.907148962353647,0
78.78387468988673,8.611137123009398,5.472107629182521,0
80.76816292136814,8.483545740800198,6.029047923443274,0
72.28016506264653,7.487135869836655,5.955019207429704,0
88.10989668240681,8.728439122259426,5.566178976093228,0
104.7183506203084,8.37593784591747,5.343127671974731,0
91.90199323717118,10.078984070345744,6.1643501443835795,0
77.82224195353467,7.869570259449521,6.374126242801642,0
89.50557101649309,8.484949114129353,4.77490756513015,0
25.61519062098195,3.4057675989528624,5.2435724771637116,1
98.75778517532784,8.151294133035535,4.942762747923651,0
80.20285327124847,8.762487638838323,6.780075211701799,0
80.94788738076328,7.772052743302021,5.492540988472122,0
92.27373909320758,8.92866934650782,5.453325567217879,0
94.26329691555243,9.526561495485042,5.101391764277993,0
94.47707374628912,9.255153085971331,5.1027790423036095,0
99.90264208693812,8.195192973730837,5.365289130815436,0
93.39680986353302,8.897163803709958,5.411386945253979,0
54.01299048750449,4.4687685711449925,3.1708217887335928,1
55.957610293379666,8.324472460168899,3.472650190257064,1
81.45109465664817,9.214129107937543,5.779299221748704,0
93.38451094846567,8.486198613465398,4.910594258824151,0
81.37713355312019,9.747491232610638,5.263199194383517,0
89.43032457680164,7.4444497644300975,6.261526982884155,0
85.15560666681793,6.681361791066247,5.451414922453521,0
83.71287960418682,8.41056224969632,5.078141309715994,0
67.01400079949823,4.422384481809189,4.750379864066304,1
72.77793367242131,9.337178588479588,6.158513918473886,0
86.95321391831523,6.510744662172214,6.210940874613232,0
61.56607152349725,5.289529404859646,3.0165632482597777,1
85.89742099765597,8.2804322433927,5.24010296563028,0
50.44957495991501,2.0036778410598965,2.7610859331836006,1
79.65173794918668,8.95217453484106,5.534051763845582,0
53.274649114425415,3.5426947495027097,3.401415246648307,1
84.1145957010256,7.674420686993237,4.935855259410683,0
80.01724565352286,8.126230815046465,6.660768448860692,0
60.36895175707903,3.0292276281555646,2.175734050791773,1
91.39715130343804,8.251918332084665,5.95910127413572,0
83.69619102181522,8.588921597098023,5.909343618529035,0
78.96708264464402,6.783318601934953,5.833677953314707,0
76.211151656639,7.5231080736365135,4.917510310079372,0
74.00609635446412,7.076472296985293,6.0519468790424495,0
74.46616092739642,7.3003854133063495,5.702154765052844,0
85.69259591584164,6.887191065148752,4.780836131154061,0
81.31556620391888,7.315399495361752,4.498877943628573,0
89.85446997816939,8.963891276312951,4.93136226529253,0
74.9153532992267,7.360497704552294,4.56994857825449,0
91.6572090834634,8.299288553472264,5.305264202743852,0
85.7104552979013,8.14262402981227,5.481534154824052,0
75.68047971170937,8.745736433848375,5.400296482674249,0
52.72826323740726,6.274133818133464,3.570500870526967,1
57.004296496977645,5.690821987370411,3.6666855348792344,1
88.42801231013425,7.989043583178534,5.136240402040405,0
104.68263581764984,9.077481583904712,4.996189086425453,0
94.65232250194201,8.476521910973139,5.037371921640472,0
84.3901843410669,7.937452749935041,5.429807994294197,0
96.02362910334168,7.1831721357567275,5.660899260758555,0
75.42877715992101,8.216527384082514,6.078074634788199,0
95.95136744086221,9.103816715147065,6.08919373076411,0
79.57626835752309,6.329857884821413,6.589039936802166,0
86.76344582023748,6.866682875463555,5.880901381306148,0
80.78513940383678,8.946730876949768,5.805373023971514,0
87.60467820271066,8.757594718431609,5.849570875309772,0
44.21343053344238,3.672575598617106,3.686019348782013,1
58.39554960984079,4.611745522374854,5.787329224933277,1
79.64175473409578,9.356984274321531,4.374996144434091,0
94.10410863186908,10.004453005373541,5.175465861957881,0
72.87621933702643,7.918824881875048,6.727287152944586,0
88.39222284269543,8.02004002018734,5.603038121755094,0
86.41927556067931,7.586151595118679,6.2948999619110015,0
83.88726411292964,7.968787056754107,4.251435347248352,0
45.24378669522436,1.552362613917761,3.5297813559623434,1
78.47595925918124,6.502174166261933,5.196829301328172,0
89.5102456904619,8.925459508875438,5.142371987643662,0
42.90769866501529,5.869081036394359,4.192809284059587,1
92.00679831287198,7.435914707614056,5.873022687722164,0
64.8757718430786,3.5869541856349665,2.6535790499872918,1
91.90310500947488,9.156656678022394,5.68350749128389,0
43.138061193265536,6.1505725301845375,3.049922757560995,1
82.87637177839456,8.058898891348074,5.360972535364404,0
81.05578829619265,8.204110070377473,4.573812832155535,0
88.54744235515153,9.25106724575827,5.432542029351518,0
96.06700444450078,9.537408580844096,5.340764098964253,0
85.74109606454776,9.138129377145043,4.894435334305207,0
69.14364755862972,-0.35719474234236426,3.6330248338665685,1
78.98598337060903,7.528147527147371,5.202941054466722,0
78.47355484080848,7.9648486245849925,5.856076627047782,0
34.72431359270831,3.956101809554975,4.509805388429917,1
100.53631346932583,7.327726157464434,6.128511627857251,0
80.02301558419336,9.111220522380558,6.116846984184241,0
81.31534276863296,8.44115837910753,4.057807893232053,0
87.506919307099,8.48579483075417,5.530603586234508,0
86.57249182051368,7.351240418220529,5.806002899170463,0
83.96620247358878,7.667330064541348,5.363416681217305,0
72.66490673257269,5.720950401076282,4.678963661824945,0
79.74619755395275,7.060417646893488,5.253702628988597,0
57.34358222101325,4.651132187431953,6.130334631422789,1
54.19045591626421,4.68578564700884,3.2761390237972936,1
34.93024137965733,4.138186938808917,4.85130763718543,1
85.93215730874932,8.41706805887391,6.012612719391553,0
81.28162925808326,9.005514855202644,6.697284731995887,0
48.384786728447445,3.7244280362611164,2.651380874079244,1
85.43643136224718,9.2764935006198,5.737560197744232,0
90.01700005940813,8.854636197901115,5.798414172949506,0
27.175357386969495,1.8977272150924946,2.8729405505926047,1
80.35163476406757,7.691857547271143,5.137280653271935,0
84.5895206286718,8.245159011649205,5.672391884257063,0
84.5531671413588,9.020141495479653,5.670451085581078,0
79.8260728988453,8.327919128046481,6.016638441312896,0
91.8523977173895,7.6746816549060695,6.3881427237045,0
92.98253130762002,7.867775934996692,5.7647783675991855,0
90.54220246702504,9.34224001613547,5.364859667400503,0
59.43830221539746,6.765240395829219,6.030801542652462,0
56.132403017536966,2.8996949059418595,1.745014827405206,1
74.44915708674164,7.854290658460266,5.720630576241945,0
100.5855014722392,5.942012557473682,5.834061337253842,0
75.98518123726708,7.74840168053371,5.495022151052632,0
90.61034893764149,8.432938303959146,6.454899454919419,0
99.36918557259972,9.555647978584112,5.064506027086507,0
46.08690455578199,5.212565634867518,2.705718666029579,1
94.72146163967145,9.416436912188784,5.8033337495499975,0
59.45662880106417,3.7548096314561685,4.228473678162365,1
94.72076635111145,7.012438905557693,5.28952344925083,0
64.17537591102752,6.090652939657577,5.709352761042446,0
80.33989050143092,7.720930410135844,6.225268032276173,0
81.17557913409512,7.970737387600016,4.954779354218287,0
67.83666433690655,8.151708524460785,6.167827021850406,0
103.67221393032946,6.381374455897701,4.800439597090896,0
67.41230686199235,6.707345455313393,6.262978778762961,0
79.42390677767165,8.348134734422397,5.253681107138872,0
82.50508189468395,7.930896789117191,7.00483275698918,0
99.34392427363753,5.958381957340966,6.336141082148139,0
89.98726081706943,8.091120977933091,7.044362061479248,0
55.24967659828957,3.0479327623568775,3.7838320133264474,1
57.71197634065882,3.920044204538136,4.0701679830631114,1
74.74305967198248,7.810642229878876,5.569926398260218,0
93.13230190102914,6.743393263800546,5.772259602922871,0
50.38295618246661,4.451349604929904,3.994495166175607,1
72.79449153042076,9.084580067881443,5.825367077819798,0
105.81868192114496,7.637574695943935,5.719341747228994,0
59.74646799203329,3.6818165083644363,3.348919090955997,1
91.65738597003582,8.340035187652504,5.800495446780509,0
91.02368186574162,7.437625202506709,5.775588274825657,0
51.43827746932152,1.5367688122492256,3.062577808981116,1
84.44584159193403,7.7087013690341655,5.603145084865258,0
74.06748533332649,9.219497741551574,4.972374316606685,0
86.38061736034355,6.003960074484793,5.340011401886577,0
87.31101408079236,7.652449817362871,5.283756433317544,0
56.30431591395463,4.05780769881207,3.9716035775000362,1
74.91430073915878,7.763051576132711,5.263172802933385,0
82.56297247976822,7.443730324499986,5.848326649892387,0
82.80936036838662,8.706636236352825,5.278486603002905,0
83.44533435858936,7.853559529109865,4.6678522625774175,0
96.12251198913445,6.405422755629045,4.411897157136442,0
40.01011652257544,1.3376848814943934,5.246729414374539,1
55.376684654232236,4.443049356351523,3.352846699054115,1
78.82465504722191,8.960383275526006,4.813970071860318,0
89.5471056444551,8.645247559109489,5.780733092824441,0
89.88537405672201,6.021161579817429,5.812673549537558,0
44.55875253342321,3.75166898507084,4.355029263251914,1
46.05970079368191,4.770843359820529,4.508601596167377,1
88.18689471324856,8.106447525577844,4.932236727833453,0
81.23230920809424,8.248442141685343,5.760359118488279,0
83.61973202100594,6.901696824006626,4.580637484006564,0
83.85172058001747,9.872044647841193,5.194594260812608,0
82.72694591094624,8.892085913600965,5.924179697832698,0
51.250435341031526,5.064570289194964,3.6995561882573496,1
38.73149517762896,2.369020346838508,3.505197227085054,1
91.00552375933054,7.5831788318522975,4.551815735105269,0
76.62734088669075,7.859381664630466,5.466093639759856,0
52.77237658165543,4.595370999575088,5.391855326056383,1
72.62197806823198,7.286264608899432,6.09372203994571,0
87.76045560193717,7.460641197989155,6.454592100621357,0
56.4244049247426,5.3692086909677,3.555825034807439,1
85.27394924087334,8.552779573467419,4.229403911064551,0
42.991278724457715,3.759882116016655,3.7384002225992865,1
54.9151949543156,5.091508880759022,2.7130338720562133,1
36.599541121851026,6.448767872463344,2.8192610799714,1
77.68036363281009,8.265500453890619,5.456918689456922,0
39.26820686923689,5.14051736439172,2.9911700391794147,1
67.82282447090329,3.3233094536422825,3.9474169476733305,1
44.147481221692026,2.550107091077061,2.2454749048549747,1
79.17138921737926,6.917109538098042,4.964686681744067,0
80.04984793057858,2.6303725417458717,3.115084414778565,1
58.846076584696924,8.952561621813487,6.563070756394376,0
97.13703956045187,7.941627999731574,6.266366012469796,0
81.65336278473272,7.110487115565733,5.212279480681904,0
90.53808066020622,7.689157498023701,5.6580420458201655,0
82.1490783540012,8.471092206026103,5.378443140215997,0
90.52876171018205,6.952496730493606,5.60810546809897,0
100.1522998779133,7.745214324727272,5.867449722883267,0
84.80882368266676,8.388025975203448,5.363068037534133,0
89.54025934314296,7.121839431459185,5.401967471505724,0
81.95517249856847,10.635457743927171,5.054601123781213,0
100.10816919797864,7.3256302874695605,4.982550575880504,0
61.25802177002845,3.0885394811993683,3.548896374186135,1
74.89737024808815,5.702228365846761,3.0275554707885997,1
90.59560566149416,8.231640995163605,4.829469252121243,0
90.78990521730894,7.786882124563768,4.903410465673144,0
69.89516368292993,-0.8790524042039909,3.742728512997441,1
83.09992277876871,5.903979711068328,5.373875211968373,0
72.63611207811455,5.023804957182493,3.432409113050741,1
86.93157215744557,9.085449493505248,6.240195508313765,0
90.97509441377224,7.453668254205096,5.2159567682214245,0
68.0668480655632,0.5552003567205168,5.646506159773183,1
88.46321306928942,7.54265030919288,5.302615021205117,0
80.7433824843436,8.826155331347975,5.1490729288844435,0
84.49776319381704,6.973786275143873,6.008823899262783,0
74.42977136999619,8.54990082727223,5.249363885042942,0
74.67595667169088,8.121298231771668,5.144894810742647,0
82.27372717947772,8.46713321898762,5.356531106642681,0
77.45196969707737,8.670883634982202,6.47902293183286,0
83.01579019957138,7.853231510230814,5.3768226647632975,0
57.395250478662796,3.2365352201549755,4.670067150776999,1
86.2709059526178,9.951178064309829,4.5573058584946065,0
88.51095678495518,7.571791894690711,6.258447576397838,0
87.44892996111227,6.289020611628085,5.382784674365254,0
102.24981147505348,7.709455702837311,6.133812972640561,0
85.46823773782552,7.734550046714218,5.523427361262235,0
71.32896896743145,6.286802990126269,6.193050768564567,0
57.142313993224306,3.7439534629337112,5.345455528019232,1
83.57246857552573,9.715348166598732,5.151474158536078,0
81.49658328663762,7.240581244517491,5.6506078435768625,0
48.86912244409598,5.8836437303647475,4.744505901065952,1
58.62904053372769,2.7459069547706294,4.695606904391103,1
87.16881973064942,8.419715333977392,5.305279284268259,0
74.9252354969903,9.393076852901382,5.228892877703801,0
77.05845660889047,9.247913468162926,5.596141631095254,0
77.21194838711834,9.225261180293515,5.222684275472549,0
77.30372918802249,6.227813106358639,5.5799508870489865,0
88.46032564814557,8.711170019719777,5.717501726767588,0
107.71554255215666,8.892912292825713,5.505683631442373,0
74.75893468792755,8.03300806263552,6.019116363194966,0
90.77039517551476,6.3642095455645515,4.902810220038673,0
95.87176158757264,7.53058659605911,5.890335635231336,0
43.13793208390801,3.808887767863,2.5010235741860054,1
78.91371025635635,8.193056630376763,6.484037210476864,0
77.94935522592351,0.632143987837448,3.2373645635751966,1
47.6102652499264,1.2202597276482745,3.5810587034864487,1
77.94762609750813,9.309694682082343,5.059249017123201,0
79.97475000751635,6.459556481643331,5.268831233701386,0
71.9484770616575,8.424608161439965,5.230826128518148,0
101.49478194040779,8.325631052597434,6.256362998303435,0
96.834880853158,7.550747222279693,6.039655080258662,0
82.57627735731366,9.604966236940289,4.520554341818642,0
84.27252419954219,10.748077739007458,4.615083895965292,0
83.97775740822819,6.738026533780635,5.2211904450712066,0
68.96671166872864,5.428612565996115,2.9877503358034554,1
41.53715650035113,3.6976760582821195,3.293425835963818,1
76.3758080162445,5.741306758889847,5.275196791388224,0
86.70741324683831,8.884674797338201,5.218545606110613,0
99.19865905168243,8.882061782952533,4.508738195696161,0
88.58734132129956,6.4963519834259795,5.992158851225651,0
78.11048955457721,6.341957179706812,5.831278949908811,0
86.15515880054687,8.102897911657996,6.323039539929133,0
19.920808194342328,1.8901332381234472,2.9219562374099524,1
52.41785310231822,6.956011254517238,3.5806159413483214,1
81.70922097198562,6.713331123214033,5.232317588106472,0
78.8468755095614,6.796318585979151,5.016607317012563,0
91.13777873225246,8.928216808603676,4.536408800360752,0
84.34627318242953,5.99368585202042,5.958282405098955,0
86.00662571540421,7.70634164419884,5.621109371303713,0
99.3153123142081,8.8110763132823,4.5081296314028485,0
89.0115799396429,8.402864156167826,6.265017334240739,0
85.56174625765817,4.922607807877547,3.2618407163435945,1
103.05934874087137,7.703019887631136,5.35261410575819,0
100.20988409340457,7.222488654027609,5.910462874211505,0
55.66359940108484,5.629908932928318,4.507170950969125,1
81.68519343865475,7.929453358422091,5.69075024422697,0
74.99425741217908,7.232969910909475,4.329570485075519,0
76.68268625382362,8.713463606334614,6.114791030036117,0
89.36786030327006,9.192970841657434,3.858526480606023,0
91.13471565022525,7.755548093453076,4.79641791395706,0
54.34509228002437,3.102349864368014,2.9790688081207266,1
90.59558574109303,7.5219081438213795,4.890168088596813,0
69.90697518976056,9.689941466914679,6.063351581704621,0
69.51338556722112,8.598603328747409,5.941333041053288,0
57.78018678100808,4.664966205307936,4.1555545591673795,1
47.87719965544659,3.57411756113585,2.8401574611282294,1
58.43359331930845,5.705562399092727,3.020965663632362,1
87.0352006466196,8.124014616743903,6.467650459894107,0
77.51523943309016,8.660550869940584,5.172704039087625,0
86.58908100413423,8.879945663187787,4.907205245472783,0
83.02574122479933,5.507148612853499,5.445263751186143,0
88.69709837488868,9.86719301223762,5.578992800584065,0
74.58973995114668,8.031784116100889,5.105975306487057,0
89.75418248646857,7.352490729862717,6.044656199278092,0
52.0369830740269,4.273036435733696,4.488414036609068,1
85.29699533238907,8.23257271453818,5.788073854805556,0
55.326332585158546,6.597433273957714,4.50318832998072,1
47.31169779986086,2.5275751786736746,3.2134273364930404,1
83.53840357510634,8.63778164221776,5.143369358940032,0
81.68263760406265,6.999050775626662,5.9312983221115365,0
86.214947926035,6.2274908266937,3.581389083998455,0
85.68141079928026,5.51015915010821,5.804753309250068,0
91.35725009057424,9.257231476854196,6.38689902825853,0
70.70824397231732,8.381906894863082,4.7375572163512025,1
87.01938381548004,8.29697475303335,4.872483013445078,0
71.17020601260194,3.0242698337596097,3.171005179056073,1
85.6890561537258,7.498279272119533,6.154854774639513,0
63.87294617729127,7.301500614100571,4.347977052460944,0
55.14947076984015,4.004228765545333,5.4562352265275464,1
71.46710760901968,7.417363307277164,5.106367652240056,0
36.62196319383277,3.8328588612207257,3.346382332937449,1
78.0081774707678,7.571890816146403,5.436203451445444,0
46.34676040563012,3.851469399264054,4.947634439391398,1
73.18813324594541,8.042551264060455,5.769165290530549,0
89.49911923767206,7.1744221093520455,4.942765355529893,0
95.03591230415707,7.7122492310362345,6.23015190700778,0
45.66895982863168,3.094307751769764,2.937723094671508,1
92.39428152450029,7.938046660223742,5.896145759939872,0
79.61553106063586,5.546917945758526,5.489301902352305,0
75.47632831297419,4.701109979417847,5.417934106966788,1
96.26417058423705,7.752577658650272,5.592031338229451,0
81.94425139786026,8.51786763002262,5.104862204470593,0
36.180804698319726,8.393567497397694,3.307435932867417,1
72.74820574654129,7.985974853218586,4.671668396853451,0
77.88337412658682,7.134659727220288,5.043497150635944,0
56.07820551015546,6.393950360234699,4.202495497528082,1
47.500841810806655,3.5857891835941964,3.5718091885190266,1
95.61579624162017,8.685780004944622,6.014284628954146,0
42.061330750722156,3.877338308881396,3.7047060223737236,1
100.37535791690158,8.278751674602526,6.191501924441469,0
61.37311506703236,4.4214094875583045,3.690443125140341,1
64.58250940898265,4.546482633743899,3.3884911294608044,1
59.63171842902455,6.2996186884728775,4.36340213066841,1
79.45158437897783,5.879174650983952,5.598976518824112,0
95.77887600003858,9.15339833367726,5.82151716078429,0
88.24414977187901,7.3213697807172,4.525154270572166,0
81.59917893797346,6.0277624154566185,4.606793611553552,0
57.270809270058905,2.116102770260196,3.698311466211561,1
60.759872591941885,6.96982679527467,5.049242796358177,1
77.16482829885082,8.521423114532963,4.895161750148445,0
83.70415276654029,9.06404270675652,5.51112141336231,0
94.22282603382509,9.656326718507511,5.628378334059142,0
74.70543418396524,7.892400930824398,6.299489357306361,0
84.41899402828678,8.955841750892866,5.332591369217294,0
88.29684143033207,9.676141414159172,5.855919428813649,0
81.1752448635061,7.972820562636072,5.406713628687517,0
89.87349112988987,9.03789359383987,6.347623841764493,0
82.16774714902269,8.092752570527308,5.462665813157565,0
78.08355130057807,5.882853899962322,5.004245963202031,0
88.45967547805895,7.663369629720637,6.230838281920937,0
100.81839772977003,9.135875631504055,5.512957565011667,0
76.78993739175684,9.090549307162828,5.902643557794386,0
54.12447579771437,0.5085280794045688,3.0319980329395215,1
69.1761170873961,6.197106586149324,5.782148489602102,0
79.12914442961072,8.759899073427125,5.830159200546966,0
90.57653780526992,7.744255858818837,4.947590092692189,0
87.08944056048503,7.131965318973085,5.160297276037136,0
79.25823639346883,7.827563484172002,5.411230910596986,0
106.63352558224673,9.713771003289443,5.043645319730844,0
52.92681793067382,3.2772955655999785,3.742961398867377,1
94.3212710560653,8.900499494196522,6.06717039546393,0
50.342641595576154,0.789956435901543,2.400999407116826,1
69.32262358709994,4.781380179926613,4.549416376214799,1
61.64572889204582,0.9176892600779083,4.418885196073289,1
78.53173236935739,7.063345030439542,5.848184327527666,0
100.46018040192007,7.44853412646896,5.397810170776159,0
78.71330181343748,8.736813815955763,6.648224940569131,0
80.12271566595791,10.179354640995253,5.888238205705638,0
87.68733645579648,6.530036509109024,6.1701763526264575,0
85.9861467081569,7.307230963788684,5.409914727853502,0
56.709157507719766,1.1214981237746322,3.0356768052540373,1
91.860115071392,8.513503174805722,5.196233371317065,0
86.96266301486325,9.322083286539005,6.700916264521575,0
80.6513047082245,6.629459496991101,5.586609878493855,0
72.72044794836543,1.04970080385809,4.818480793862584,1
54.76316636599019,-0.9732583579689456,3.54714630157629,1
67.39113861873544,8.438541122467438,5.945048724747801,0
74.93718493681502,7.742630762508995,4.571569364816888,0
81.07760518620523,9.217001085871088,5.221330922558601,0
52.30187752701454,2.28388145555472,4.181494332024246,1
82.41430306240294,8.169260652295987,4.995589242029463,0
91.886967575742,7.380125780390016,5.960261994923098,0
40.03129311659349,6.566823656066697,3.62149274586737,1
83.1218840369231,8.210158188160046,4.9613554996656335,0
86.5926543967257,8.52123163618901,5.83919258239214,0
84.7616968455827,7.381878362350651,5.5182670204188495,0
76.07298789120081,1.8689955678177625,4.651234056021746,1
78.29015773654375,6.804553496782246,4.951287555514279,0
85.17586178485347,6.896487647055415,5.984635948346111,0
92.39511780826423,7.626552475393381,5.579540910171013,0
75.9642854854389,8.182978244528341,5.834038139718663,0
89.18925391385511,7.669018637142062,6.001710242580657,0
79.59177769555882,7.7574607329833905,6.3503474035133864,0
82.15279613800605,9.083819542986994,4.1432264108316526,0
70.57244160514674,8.980025432919467,6.779401399523693,0
55.411842026350016,5.850228245154452,3.0239820109775946,1
69.43383467812504,7.519136067751744,6.342014215921833,0
83.84644865107609,7.645985573360494,5.097956157753292,0
45.68152221877245,4.9026529213956245,4.0509019198099265,1
92.34323467273597,6.827993871694958,5.2895339533559005,0
76.58724762982233,8.853143268993279,6.193023252019534,0
60.51684874354059,0.4149119241353838,4.750953731158894,1
90.6487514487418,6.498012167067541,5.637582768236199,0
85.15624580771062,8.459011906613846,6.075758642103182,0
89.46640538125105,8.834864739203002,6.16209716216166,0
93.58059152373933,7.547061639204873,5.858716973331368,0
80.53138835693233,6.8344413440908625,4.808453753375061,0
51.434714810117526,4.930904112413061,3.977261527127384,1
87.73401205444048,8.88148111344665,5.036731610350486,0
81.66021020749463,7.431985940339276,5.851150659280963,0
82.30683470246296,9.396729733936068,4.746597496532528,0
68.55155098108929,3.2532722208698654,5.924158442249501,1
99.99962230844639,7.734932819351924,6.227092862690472,0
42.0621169141634,3.210559301793943,2.55177741863134,1
52.62783702838924,4.642848797680191,2.6707236083921266,1
82.0539962905002,8.351918983009547,5.5341353897259475,0
55.89025814740293,1.8535499922856244,3.9953157110468944,1
92.52590655929794,8.22094525720099,6.423838857348177,0
39.854503651447445,2.242648716617745,3.507303863615851,1
96.10801488276084,9.228690888397397,5.943071637548607,0
77.83877929012799,5.375834763423905,5.610474747119321,0
73.84724746448853,7.362905707164032,5.524891312921394,0
42.259552051800654,4.425716526608574,3.6737641976574067,1
92.40256171239852,8.133945882682793,7.400449947550533,0
51.51383791660591,1.5219979155193477,2.15079276149818,1
95.35048214174736,7.624531568403356,6.418333595590607,0
104.6751714892067,8.680455041151088,5.500287653419437,0
85.93091342087972,6.631602345944309,6.158496024876079,0
78.41431443169793,5.368969372759308,5.6767486251106805,0
90.34419510066327,8.116715930217994,6.212626094894543,0
47.431184817936064,5.789164992956907,3.929479435189372,1
86.98985626068405,8.311095722494626,5.545165258710563,0
94.22088782339719,8.76067644395975,4.93323680180781,0
89.35226944984171,8.59336701533168,4.637094949408034,0
78.56201105358055,7.737095647380162,4.4025294239619495,0
54.656644718248586,2.713836199901873,4.224301385964873,1
92.7535314834914,10.832594442870294,5.625878055018514,0
80.15003190546344,7.619289712341394,6.0617337215331535,0
72.28118994565054,1.6799189391098808,3.7297789355536937,1
44.8402217458672,4.163665641772395,2.8557647020606245,1
87.69920825799173,7.903894626860351,6.2473157353907425,0
84.42861139929153,10.075697767382792,4.347155387518663,0
70.45389195522749,6.717553789960824,5.027877222172537,0
58.906994873793124,3.9185668433902805,2.5892984413650026,1
96.7706134152442,8.605422139266148,5.5353621723296165,0
93.41282770760745,8.718768991768208,5.607507784501787,0
72.81392043850049,7.591200696778123,5.276845617087422,0
88.18868068005001,8.848315194269118,5.71489707969121,0
82.83955357332212,7.279016765920664,5.3923586008781985,0
76.79716927741683,7.587399106432655,5.175455116554461,0
78.4530499086581,8.834220589523095,5.3836947425972,0
83.3333182384969,7.05641617430089,5.356321870997873,0
88.48292392798996,6.817457292483025,6.441620087522902,0
71.58139934470893,3.2757792830442023,3.666606799203939,1
59.157626241963335,5.762667136612887,2.9906271818799004,1
64.98674270961907,7.493944042515357,4.6744014058256,0
51.641496304843244,4.30440675661221,6.079350595511646,1
90.36809666778589,8.662820293321554,5.455911634999574,0
92.04389446949382,8.756824432905667,4.681037592259798,0
45.856984443302565,4.878851875592182,3.1402506516051027,1
35.66833172822418,3.3755722746325785,4.054008842245368,1
96.49428629459234,6.950227335904942,5.6726646323651755,0
94.14504872743717,7.386347976269397,5.246257221191291,0
70.05249633457811,6.276387544610695,6.142146250681152,0
56.142200471449286,3.9985802743989365,2.8505543091888077,1
85.60164559790502,1.4423414698600805,2.4668035274023357,1
88.92825768741372,9.075541831650185,5.346682215177582,0
86.2697476899072,8.849587344901801,5.199778669132226,0
75.9136624190843,6.832502887836253,5.256783150659817,0
73.82320316421017,8.556835184032114,5.452705163938977,0
53.10448570235066,4.184604802052441,3.812269411503548,1
60.40422622440894,6.2078137998898075,3.7979729574355425,1
88.25549298684581,7.427668970688944,6.412241450912964,0
81.99806911981894,7.351132870932489,5.473407899773231,0
25.46422212564496,1.9805686182224176,2.0531543504597716,1
98.0068539151814,8.91807100197598,5.257414369048125,0
72.2727316850686,7.79734467162174,5.960389300332631,0
43.5389486266919,3.882734098007666,3.1339297031374365,1
101.71115090483269,8.389552669812616,5.798291049734317,0
89.20387328772249,7.098552587769562,5.831299052417521,0
84.82649054915008,7.414418912435901,5.685364151708172,0
84.83295490384499,8.827935815376506,6.238013582928669,0
40.42502438026745,4.650282180482546,3.3602233882737425,1
81.87716522127137,9.986047205472284,5.707055599567735,0
85.53643406729167,8.615302236630647,5.348279503684043,0
92.27562380074842,9.152185214013286,4.711935291734597,0
76.69774200929234,4.09001585099548,3.574046222455075,1
88.39216669256379,8.354730661224426,5.010304683734101,0
78.80938994384546,5.799745165987735,6.561405013174935,0
68.70552826750486,9.735830596494706,5.525005878101897,0
95.74935847343502,8.40852952555514,6.329979306602025,0
91.76163190552765,6.712578253229848,6.046627729232217,0
88.42964768126075,6.687958237083493,4.860349333381053,0
89.0917623695256,9.250311707048557,5.48755636155404,0
79.73215269335684,7.901272872286664,6.273852258248474,0
85.59709042766244,7.03770941338551,5.609685842463306,0
65.30401337342629,7.670437456864059,3.4104845283366365,1
81.1651891839719,6.558790242009067,4.124804422312566,0
52.90579642476892,5.41992752082499,3.8142818688678664,1
76.98599081654116,8.255881189324066,6.544105950967934,0
78.93475826678323,9.562649593396651,6.442233525421704,0
63.71019773598539,3.6686691269251126,2.928701836871257,1
84.79637035684455,7.334703975963051,4.576655127520603,0
85.06326688462694,9.38068971845132,4.9237431186122285,0
82.230116029015,7.808285914824105,4.0609685483694715,0
34.140134340047126,3.238923561974325,3.129209500001234,1
90.8711202493208,7.770255052867466,5.063436800540195,0
66.3194657859353,8.38181445610862,6.210005173692419,0
34.82000845812759,5.405841814509242,4.348785603247907,1
83.52358679883402,7.277267131322778,5.321681655591821,0
84.57095766793434,9.72013656255097,5.463685553654935,0
102.72709506469916,6.825244539746174,4.322028632888097,0
93.2882567285812,6.412226139147803,5.983409918020572,0
85.301927195973,8.173619445029953,5.1529184433977555,0
36.16986960305714,3.3029579782547214,3.0820709835809192,1
70.29248458996052,2.0280589184493945,3.704323583050709,1
73.97005210128431,6.731253849441391,5.929224319677873,0
76.59826390424851,8.44486369982108,5.527356019302367,0
68.66978955166063,-2.4762623331793865,4.338562718397443,1
45.65866237713165,6.297419514941511,6.242241552933775,1
81.83932639700735,7.267535779172347,5.594688139186016,0
94.72633381239044,8.012550553579187,4.873931404589415,0
76.54710169781407,8.567235206590919,5.035076481754565,0
99.6360208001637,7.392124461822528,5.061496033475651,0
77.1190817249134,7.310286808123826,5.49472847109502,0
95.4306598763151,7.971860916591034,5.90675314861183,0
93.3987966795369,7.78138316124708,5.360473376843648,0
71.35761112871137,4.510650824784035,4.196960117208867,1
86.6654110553373,7.51445421050775,5.679659437386741,0
38.7767189248026,2.313477565841817,3.5323229208425992,1
60.40940555672044,5.882287188350972,4.385440042910002,1
70.28797069069827,7.0911370047766145,5.8701479180043,0
44.97123540016449,0.6192178672778716,4.736435037114742,1
45.009454007400265,2.420073730274949,3.6468362485289787,1
58.11930502292784,5.971727632737467,4.881760275855525,1
81.39661000766657,7.24122844562345,5.577197029808407,0
97.93548884036531,6.352100256951511,5.507503687008128,0
76.98590221668465,2.4513085957616925,3.5270159319149896,1
96.87679476026227,7.289047281261166,5.706717205280225,0
55.91965522637704,5.3539100501548225,3.7219448359039204,1
80.14309761054257,7.6249165185526415,5.480872887316565,0
69.94588176753075,3.658024170917541,2.968014920780338,1
94.1778896387732,9.081593225540649,5.0078522714574,1
86.92368258882648,9.74772677516084,5.33290075780524,0
86.7574629589398,6.881432635706005,5.857098484601678,0
90.74759055367187,7.2022516057769606,6.453248733062251,0
88.82749584252052,7.096210705781702,4.919753864993396,0
72.0655265659417,8.298159518802294,4.943470199351231,0
78.07887344403969,7.666231091978529,6.828268681251941,0
86.98504572919633,9.330343950803401,6.4135113843153615,0
33.4841979323872,4.904885369249734,4.78954776663994,1
40.170092183530244,1.4320962389243572,3.3563788341151244,1
85.75559842176092,8.146177212068002,5.511119639718057,0
67.01819798643595,8.324558094445313,5.074526648543163,0
93.50682379830056,9.17321906105804,5.416976872441015,0
77.5633549117594,8.977771809067274,4.957647694085582,0
84.03609744097525,8.681281399687148,4.467365516666424,0
57.3394862474408,3.6008997973428474,3.241182612957173,1
72.32698795398427,7.322601460876363,5.838167138445194,0
82.77945566931118,8.352286867936597,5.357406810084542,0
96.0193724042543,7.89038649078425,5.892290707733384,0
78.48019374777968,6.751812912309081,4.082455399381867,0
71.564278288741,9.062171701866474,5.998293255373382,0
80.55081885837407,9.465195806313279,5.67361372885434,0
54.93847074026223,6.1264697725347625,1.8915165456525225,1
66.35224567272081,6.7130172975180535,6.409166960683787,0
82.66031615820125,8.702509303536475,6.459897252504865,0
85.87421695761853,8.332978150719553,6.218300873189441,0
80.51010191143038,8.242409760228654,5.11945496852788,0
94.2663311348919,7.311012212324569,5.5096012049564616,0
58.346607637279426,-1.4004442125052359,3.052684852698654,1
84.85182209517171,7.488681111571098,5.086750885529463,0
72.17755924338714,5.590475808665506,3.89795277100532,1
74.705792868777,7.270113259075556,5.937343540007221,0
71.537139466488,8.594033902193562,6.125271388191329,0
76.31859848869706,6.161022993741509,6.067244323137588,0
52.84409704020384,6.48328404699318,3.9763161254963517,1
73.11643656644564,7.818141978169033,5.480748841138859,0
87.24424158225821,7.806099981924196,6.511346694946019,0
88.5158903839218,7.646361941104962,6.066332410433972,0
46.659850845878005,6.143552727381058,3.9008338567788763,1
80.96455606070798,8.181357784280909,4.9377720493475445,0
74.7567750953649,7.926498772935759,5.754794473336128,0
91.55190600284568,7.8455629182572855,5.593295670864881,0
98.88002398441283,8.272108949093445,5.873678524878964,0
44.37543648733317,4.479325754586505,3.0000607215478086,1
58.141904506495614,1.0605023842119765,6.200495815654241,1
80.4212741316693,3.336653580150464,4.30236982486366,1
38.41789092137945,5.712486204528589,4.584124121482011,1
69.28535785773624,6.169313126333085,4.278609021982182,1
90.25470478357934,8.365489388314238,6.038076600967402,0
93.2378742520424,6.719024748291399,5.216271996217397,0
91.57510484006393,7.678281987273418,6.124488196575219,0
85.40854867444622,8.378223097680921,5.41318375978993,0
82.12217079859717,10.306602776447408,5.580483854972354,0
100.60541718286561,7.195711863906762,5.648434347544146,0
86.58794700653407,9.050540512296095,5.334968899358646,0
81.99234039934672,7.621429444332302,6.467421338493423,0
84.20685564216073,7.738764453418473,6.066762517667019,0
48.21663702869042,4.9631599140251375,3.2523628767816897,1
71.31216587100704,9.718794704922562,4.928003680637369,0
82.13602408899062,8.857957998327102,5.772561071766518,0
41.81038666387869,3.308457729393342,2.6961363375927903,1
83.16455301862818,6.7112562763612384,6.151447425510831,0
35.81275289433952,4.54311229777771,4.657504812369775,1
51.68549046226463,5.438040487222481,4.185407776178593,1
96.56439061286545,7.5823231119772245,6.1831945337047625,0
56.021146346228754,3.5120216936961954,3.805718900071184,1
62.45650794129364,1.409759099729718,5.046366984182331,1
42.70311598082276,4.3881727874838345,3.0144103208423476,1
62.660366142105126,5.096255258401487,2.067844421600306,1
74.09858575188231,8.249108024529008,6.5752248183268955,0
82.30552360291531,6.4392963829411,5.966177069411386,0
81.04056851573655,7.823796473943476,5.099128496374836,0
78.99009689314899,7.661006934176035,5.185098823754026,0
84.50490483145015,8.976720758944323,5.630217523998739,0
58.8770152335283,2.7587394131810923,3.6584327908601066,1
72.49249249018541,8.42028674986939,4.4237028602115,1
76.6011165681812,8.71825178719213,4.87141448190159,0
90.78861069888417,8.212933323490843,5.15511225185807,0
97.96529864375539,8.002229057757694,5.645678714671888,0
85.28115089980058,6.071442296972163,5.356994366884687,0
32.25083486140226,2.005455813947491,3.421105075496684,1
66.57551820405898,0.5034710166528664,3.707324104563761,1
56.02043237804449,4.156022451139602,3.8513392589493947,1
85.6998497053091,7.660602735564639,5.99425788069275,0
88.20971571099926,8.094502278250438,5.6099173315564,0
74.39913694508692,8.215706217262065,6.119689530173938,0
79.75331568829682,7.720073011920738,5.78199442431206,0
88.95392038604528,9.533713806017937,4.839031151259418,0
90.386237041215,7.731903409879229,5.992003835847692,0
79.9566863597937,7.666593015062447,5.056307131889174,0
52.24817098999547,9.427216419407074,4.269077445305017,1
78.60488366918156,8.488631567929229,4.228427274788265,0
91.15038253358904,8.13556039567905,5.008917072071583,0
81.30048225175616,8.272389418100046,5.315019228707689,0
91.77634534682758,7.395308538930741,5.175427085550857,0
87.42075222250692,8.515978601151733,4.9075051111258805,0
37.44698631175986,6.532958655125682,3.7875563144365887,1
39.17829563344071,7.459766297364665,2.8255837114051117,1
81.07619423716768,6.5539979968136075,6.027554159335947,0
82.32848777275683,6.339717521166545,5.813295000804555,0
95.22145673861756,6.925958288404149,4.853844303997281,0
95.94985148569594,8.70473098570271,7.041492796580554,0
98.23590798158317,8.191989294965746,5.310149755631554,0
86.02475359294957,7.705010569838046,5.930276865657382,0
83.36359887929481,8.767905831418563,4.212308781511123,0
85.72933607603736,8.661422604989532,4.163548370534154,0
74.47230558478643,6.479359974933353,5.966545246313979,0
53.82597166556818,5.934186689710444,3.899479948488243,1
77.22534850747725,8.382189511867887,5.6034998949801675,0
81.49839736191579,9.47412231690375,5.3813830833573775,0
67.25584337000197,5.219288568343298,4.133642699516081,1
49.56851107422501,2.399386273488198,5.051936209000054,1
60.899744621980716,3.2753628552913234,4.301807444744521,1
89.10630909012119,4.214915499980016,3.975408137264852,1
53.88399818821686,7.1676580582071185,3.384142058137124,1
52.39810012250468,3.573582751448895,4.376868981468549,1
47.44251205609299,-0.36452458152501865,2.979038399354169,1
53.986875852252226,4.356080282244978,3.590885856470625,1
89.65750153923244,8.301108116171882,5.22892769884958,0
71.11396572777262,9.178729909715067,4.875817675991398,0
87.27352725559432,6.30450325284616,5.445756343630041,0
50.653364804885975,4.704078767840295,3.6457200576781337,1
50.950510643454834,6.0641980617372315,3.995571093354665,1
60.53912217434195,2.1103560677203363,4.548066834607083,1
80.61523327603886,8.171404709564323,4.988633707374441,0
83.04448147986817,8.029555951398704,4.465606325801631,0
50.375363306523944,3.9307185870216,4.334380841935059,1
82.9654905595231,7.705844052477175,5.501116992074142,0
79.633172172968,7.24576366776073,5.889439421084399,0
85.84768768581561,8.459055619652837,5.230830348490829,0
68.52190486173416,4.142390111090207,4.301727126905334,1
106.06378272394181,6.663938234544158,5.153206181763628,0
96.1627800322341,7.603311747206384,5.072658834600952,0
77.70319739963321,7.9604699962387535,5.599948112070762,0
86.22232532060265,9.350911454460238,4.310682529323446,0
89.0177633343497,8.892116546845706,6.139765800514802,0
97.86857238779518,8.699503485967261,5.355644677096715,0
64.55477709138624,1.7078223598756064,3.8526176727994432,1
87.1318389815799,7.380512977077486,6.148858612495075,0
37.22552809569891,2.2962714458805475,4.769194626973459,1
55.19173251770025,6.471728472419813,3.122729617213219,1
74.17743494595837,7.2872969452132335,5.488224216279582,0
44.30913678818726,8.627690826598691,5.460381571347058,1
50.902233355542535,4.569980920512138,3.269463099351613,1
99.00450288480398,8.123608746312689,5.953822674633465,0
79.55549456168862,8.565271067826552,4.722339314509123,0
95.6812441473805,8.442382487420836,5.496285427713032,0
90.39208850965667,9.554950024214772,6.077007314631371,0
53.14962738830875,5.144542780164276,2.7388195283568146,1
84.69888715517145,8.86248587258855,5.1414768161226485,0
87.17458752871697,6.632899453034032,4.541565127149262,0
45.65875056550423,4.891820196605332,4.142760051225685,1
77.11893229085322,6.723210900583004,6.042350627492484,0
90.26916808515064,8.019255018730144,6.003614160017361,0
97.61177216597667,8.239259570558723,5.121357312381487,0
90.82715106651524,9.135642309927794,6.253329346244503,0
84.41792369700889,9.245962488443931,5.986675272696555,0
87.55613109522358,9.146303293835862,5.445110509539757,0
57.63558992714193,4.0637193715964885,4.377843679779291,1
66.17746074725316,7.4504183689573775,5.6868368986946125,0
66.79447326348647,4.653493540046901,3.2105603245747254,1
72.01394962885654,4.66611503048048,5.42317803842205,0
78.38290784666108,9.36959087030382,6.112988848721876,0
81.01372456560814,5.695445348045807,4.159816631275485,0
76.5191655832024,6.4348100983767615,5.008458112796631,0
102.2855964455144,9.928435506669079,6.264746577291165,0
39.771201273499855,2.625656679301801,3.305545512361856,1
89.83444062186153,7.994266347408027,5.8595413561632785,0
78.20903571414533,9.271977956870101,4.986906014989095,0
58.7851629816772,4.275340603327818,2.653662169096533,1
89.46324948958014,9.284071510523953,6.374936264172658,0
67.72579579704284,7.493756392946063,5.440937949119761,0
80.81788185125154,7.0620513190017915,5.353334526708044,0
94.89064036451083,7.098596162687703,4.954931152874841,0
37.425233810720535,2.5744146681368942,5.53746821343348,1
77.58228308181273,7.543761641503696,5.272825892074469,0
30.264973781918187,1.908620422365197,4.647143296994539,1
65.35163195534108,3.7287045168881567,3.251945295890768,1
83.49214517507693,6.591233721874111,4.686724715315914,0
76.92498676417368,10.216560791433997,5.765029693522651,0
54.32616513359244,3.0217159085682956,2.8930772506321474,1
86.52504156002735,7.688763054532908,5.784423321192066,0
72.79217246894417,7.520574513774758,5.836714560224009,0
39.675637844294386,3.083510741197295,3.2447760524635085,1
74.81412407802411,8.868199509729127,5.013087965075918,0
88.1921301012938,7.99812387203422,5.1447674606024725,0
84.20141864583944,7.189279435197182,4.475873524231066,0
87.73794054365746,6.370136279558523,5.5454954785494035,0
75.65951521088664,10.394513918209048,5.805921906148618,0
61.44578006705176,2.5908046063866603,3.8299112981187253,1
53.3462934169558,3.7825689231135122,3.2674991683813213,1
63.624367751136354,5.029569161846549,2.5786431916225325,1
58.8965963513627,4.989385884319567,4.698756908057602,1
89.96181279665082,8.881390748126819,4.786902159221355,0
29.655916679491554,2.7549724236725055,2.960161163824606,1
81.11901714975373,7.764437430874877,4.648672678783546,0
91.15733875453084,8.031382407612389,5.990145526891169,0
89.15609708824294,8.958327739669565,5.112968038561054,0
83.31965573748545,8.523098351204382,5.298332799468514,0
91.48332918918973,8.076108852950494,6.150196063083768,0
98.66379442962472,8.72708646191092,5.474878701108098,0
50.56956147516195,5.626835577795392,5.5071490675135095,1
50.56299725180284,4.905624910223109,3.454534930791857,1
77.16345858835392,7.59726989084206,4.876456382640146,0
97.81382117592307,8.203762214812155,6.46158581998106,0
95.23919920616673,8.370070116318432,5.815128112757235,0
80.97221270452903,7.662165398168943,5.87223390038465,0
97.30466682081341,5.910186523946649,5.303508359281766,0
57.51775350011951,3.077221841089474,5.2790842166750345,1
79.46252305233729,8.159748054890477,5.955906477009597,0
88.93045050687344,8.035387543449948,5.276554608743648,0
86.50852912727535,8.959131559328595,5.364452937634811,0
86.08502072488164,7.9862064454213755,5.01474691078094,0
70.14576393390449,6.9489667295276405,5.62378291601083,0
88.55733676190204,8.422553708467188,5.6790871373267775,0
99.96094647827431,7.395666731110966,5.31472816962707,0
84.17130395222814,6.81949512442762,5.196863848921073,0
69.44934924738484,5.388550347674053,4.073337951868687,1
60.43961226757696,3.6295815131276443,3.9069787611263753,1
70.25158157420407,7.806763698537801,5.6411868217285415,0
97.20308424832011,8.077514306957005,5.389850054244126,0
86.17592273160011,6.897094174926977,6.204023041014462,0
100.04735355781717,8.339854686809245,6.140889683256654,0
59.266802779567804,1.439993017445325,3.078529938148095,1
71.99165881938485,8.52695329764143,4.949079817556625,0
87.42431676166865,7.406215833710055,6.761111559841453,0
77.9355507928534,7.342757503001666,3.6344903684599186,1
82.09794392794277,7.9020756441486535,4.149325915306587,0
81.16258984942276,10.694206154272132,6.069195580591407,0
83.59576554579924,7.263436803113918,5.399682370310385,0
82.2288150061857,9.19867730021795,6.10699060422636,0
79.57706247835397,9.819416320611612,6.066135533805363,0
84.44300270945976,8.224292015246139,5.1085211224960005,0
80.0266098524449,9.000693685085597,5.705080743556703,0
92.29496981831868,6.243575147304032,5.167276710718187,0
79.79316083028053,6.362997467095898,5.879134845082852,0
74.5461416760628,10.268738801076902,5.259767284160947,0
82.33845601316095,8.903822852999467,5.225804078186604,0
37.82945375534399,6.274588082901041,4.389443233597681,1
85.34596074040326,7.212020829830036,6.37687683530079,0
85.98457066233871,8.165851137635958,4.215633770662933,0
65.75308438227903,3.6724603008932477,3.9955205386695583,1
89.58585165378811,7.1423277913632415,6.459359743709118,0
83.44097331824024,8.324137770817519,5.804797200716797,0
42.75642971203868,5.501744678455886,3.9561080545395626,1
93.57456835552568,7.44181915050688,5.8884302678191665,0
88.24103593889157,9.179565775609888,5.937972116796866,0
84.21094165234246,7.2815526939384165,4.986024253654726,0
57.33507742470096,3.886593731941363,4.161979439453721,1
83.73724792598676,8.00243962273706,5.774385497720069,0
73.23444631553136,8.690635165241973,5.999783581356427,0
91.7949494996267,9.475670045861932,5.610704456358235,0
101.72242908304395,6.772499641476788,5.222827210579533,0
55.31350307988364,8.616994778580453,5.097637055939188,1
81.79129127571078,8.879358371541425,5.659180725913477,0
89.1141209336384,6.181615143751872,5.129391868624977,0
103.43785222945894,7.222816822186543,5.92395532898522,0
74.14865349760746,7.610752371603129,5.022917998826699,0
90.51773516188213,7.913548342096833,6.234568255005982,0
77.99631916121139,9.197061218433145,5.604495730013652,0
92.05797330626744,7.828965722666014,4.255622693401561,0
68.9291562677875,8.901779356653336,5.8407009065940425,0
56.905119751082985,4.563983603552946,3.409724558732178,1
49.445671304592416,2.4961315094997962,5.481301016795151,1
83.75026650504132,9.84326719382482,5.157499654660652,0
38.85417487526169,9.513062206129849,4.487215402027628,1
69.71554148805626,8.996549652728813,5.150596660826721,0
33.77522683557106,4.717397955859563,3.3344528158706717,1
80.73181621010639,8.007979667317496,5.627412976346052,0
72.96662559388575,9.457538821867653,6.271380118126792,0
59.14847664498295,4.958484832810744,4.291397061001573,1
98.27226664228664,7.960802949798548,5.5908152928724055,0
61.84823613503902,1.4851640921388847,4.262257747913765,1
91.61389193159494,8.068814104342781,6.829134782906397,0
83.40761317364026,9.27681665762573,4.903928193752982,0
72.38453320005499,7.074304940118019,4.876353139356164,0
42.39114762501292,5.100790954985122,3.7000927006226756,1
85.70095851441714,6.218839740957893,4.654218554039757,0
64.15209506554193,4.945064963872747,4.164336299404953,1
64.18333366579061,5.182368989116423,3.9663685691899753,1
86.12825956945697,8.378362299666767,5.081366314678616,0
67.46012186619303,2.414760410150776,3.7805615766422367,1
60.58013714229381,4.596497183965913,3.6469063700788573,1
74.91296809830213,8.543689860882267,5.7264766614894995,0
52.52260388021165,5.7589674347111215,4.131338722169534,1
90.69862874837317,7.9039239518617475,4.683906866525622,0
85.42092049664085,9.33370719962268,5.57083375639279,0
91.83907938740491,4.983911976473188,4.682311983211467,0
93.33841726708519,10.855044274300568,4.091408163068141,0
94.55080875813302,6.9121940308597285,5.763350844252745,0
80.81301521510906,8.034908642116815,4.381429692009144,0
41.73965870391807,6.818994429829196,2.7154303874248145,1
82.4191890088556,8.309918857831173,5.097613655670003,0
83.32066293943744,8.228104235959872,5.956911091659931,0
84.13647233296548,6.287738146932538,6.106964258417198,0
87.11283720778911,8.561544925563322,5.426499777166647,0
91.98219991548876,9.226143276189163,5.573395742637992,0
77.2275427878391,8.746975314245173,4.384703296249328,0
93.82904619858998,9.731910293200544,5.973013041602957,0
81.25810750511336,9.490636481310592,5.8532759959394065,0
95.7260813347565,7.8429836166329965,6.114271276046038,0
37.36317641163806,4.061110292202228,3.745024003178362,1
82.11731354889251,8.65245705175937,5.106674103168599,0
79.00500922592772,8.530084507796591,4.807572535312341,0
84.24640114592526,8.866346953211043,5.470014083655303,0
83.65233509592734,9.669112111158514,5.306838266356179,0
79.37667107354306,8.500612556096542,6.035092812128955,0
55.77040671695418,2.1984651889393634,5.954559986551783,1
62.76127666680698,3.712136355919133,4.554068554914674,1
86.2497872032636,7.874432881111848,6.109674055801111,0
84.33483419271339,8.01382516492847,5.826580591125904,0
58.60140670181167,2.966722267150707,2.3680515518874574,1
86.6400525462971,7.288550764474781,4.848698354692914,0
89.83673982409556,8.129313397580013,4.735424897326377,0
87.52814842947555,7.53106291207431,5.0216083682232435,0
31.329814690656896,4.40753506993463,3.626208673570598,1
83.21344159961568,8.808999201907435,4.923268742185542,0
68.85136401350466,8.232313139579146,5.995964869549516,0
29.011159842051093,5.26866808098371,4.058711596123524,1
65.04319431813548,4.377831472991091,3.345219486111858,1
61.669154633618305,3.64071024645246,3.7762185904833134,1
99.69276945085535,7.608000909675811,5.655802711003109,0
80.21365207099801,8.677522208463412,6.315875135871289,0
89.7377002986008,7.227667623415954,6.229285131170124,0
83.37233201195774,8.262064444869566,6.036423501757407,0
92.19393280483128,7.712276551827331,5.904305744878956,0
88.02840916494426,6.790403296507682,5.569469183301089,0
91.12283310163026,7.484513954179091,6.32143899473207,0
80.74513230125982,10.18068573320041,6.42048291625583,0
86.13367163222098,8.758028478308713,5.947805927325716,0
93.12498351004034,7.558165524139801,5.736831578468223,0
82.26742413955247,7.276521154839435,5.140742485562102,0
77.38473947480037,9.58374123363873,5.040311745605687,0
72.27485595200302,7.34716243484359,5.110485750125722,0
89.5411902479307,10.761686524856778,5.54235402587055,0
80.7774698994368,9.622408851845474,5.105613746023103,0
92.51991354038981,7.545863501518403,4.837899253776441,0
76.2636365915046,8.5704446028725,5.967877554898881,0
80.86566199036628,9.352262874449723,5.15877625273592,0
54.986064210974355,6.937498038064988,3.858116001556458,1
93.77428418344049,7.302537332784501,5.66102483954696,0
69.27254488027815,6.830799194348439,4.250463708500349,1
81.13155276774546,7.758750681467323,5.496492354753506,0
98.19559172675953,8.573828295909518,4.582348330897756,0
78.28539001864166,7.289680466321878,5.4071201553823185,0
51.63671200287081,5.910667917160162,3.9016001742780477,1
94.28003627126512,8.829101079783145,4.676758448319747,0
87.24297579927023,5.305458830676779,5.835690378277908,0
95.00961036679425,8.853733635381808,5.205623705429632,0
51.855963559535496,6.772179042038941,4.095196491873115,1
63.03172350770596,5.709964781401775,3.546237730374175,1
90.15418260369852,9.031888893244382,4.412201308450508,0
37.957110849282145,3.4331939963470823,3.8925059079121374,1
54.92705124315855,4.785903156369223,3.8272708647843867,1
65.13300237452474,4.13844724953854,4.162803857753951,1
81.95460763640564,7.323284886858256,4.696829326369207,0
77.97856767634678,8.326238940581176,5.665096208766165,0
84.16585174184512,4.7705450743554225,5.64248187222256,0
51.39201919873703,8.084071670782336,3.8417814653412927,1
73.13258057916664,8.535791807362449,5.2072021467775205,0
78.17748262485506,8.42109836418834,5.267991257205008,0
96.0666766032853,9.5087042581121,5.663956546234723,0
82.56525265059452,8.163644398367207,6.074827855177847,0
79.71523686279316,7.228268212003534,5.752204254659398,0
80.68404161305006,8.349820558255384,4.861933164039158,0
