Gasto_Alimentos,Gasto_Bebidas,Gasto_Limpieza,Frecuencia_Compra,Ticket_Promedio,Antiguedad
483.3007149478179,264.1206419230569,208.73977053787456,7.716489008539997,87.1905689020487,51.73658092478255
530.6689012740225,267.64018890147935,192.13125988976924,10.105670305479503,78.70961565960033,42.95311648843176
442.4630865569476,263.04409891849093,194.7741840823644,9.711187192636928,83.86836447435935,51.41267916118801
584.2584510721456,246.04268939601042,176.2739955475668,15.427635786913324,77.26433763716925,58.77980768028874
513.7287737298149,232.08649822574273,211.77376963607688,11.427804413272021,82.43228816421102,43.048197856771395
565.5139991159401,248.83760780965093,152.44589587241452,10.442993609893882,88.3320022962283,47.64569788544391
522.1758052233023,241.83050207719285,173.03858481238194,12.836017889266694,85.74537118895506,34.0265270769376
555.2915668951497,224.73378426699034,176.13957386348184,10.065537832755478,67.93330926275074,69.34891215443604
401.15441420821816,251.45232852391976,173.88579978532226,9.709798302615292,56.76570622147098,48.6753873418131
528.4349794208218,266.55762564296793,156.10460076827002,10.984020201436186,105.51144253197154,34.512283099900245
480.862821469087,273.58981234479694,179.8954061576512,13.9752878456449,82.20765279764137,47.50710902854286
458.46943135062617,244.0278170862004,185.61738584268494,13.696040121619205,69.04604244705442,44.698221550259326
450.871693401494,268.4878716511747,183.48924400697203,10.710126247115399,83.31816399954754,60.63857698022961
560.2218657204571,259.2216511535736,127.418978374289,12.356179679219126,79.62171863088274,54.64956611954753
479.1221734813257,225.1792378356739,183.5078187900265,9.834502286202525,82.43671682680863,53.34868059413683
551.8785397202626,269.8125253459649,208.36329608422733,11.364877745862405,78.30739795697562,29.513842004855036
477.6200185500134,253.94236499904525,205.6705657191733,12.507885440918004,98.81329745868908,40.71631357427124
435.64318828491093,260.59099642486376,173.40453794950673,11.777247746491447,101.98445199246173,43.394828014366475
511.44151275597216,272.0178507622665,166.76373754152593,9.63013670346275,82.3976059553911,42.31265914272898
569.7641149390107,263.5376649301589,197.2253130794431,14.21723226132628,81.82979614329092,45.260601471244385
503.7043296502697,253.45051138217954,169.1459323955487,12.464627151475678,71.4290687020198,58.05152188724248
475.9386748691967,265.92045129661665,178.11375006839958,11.344269180843774,80.98260189201224,50.15038628556264
459.2644081492963,259.9608116830602,187.0965751505298,11.140435826142136,83.63525887998605,52.83457323261665
454.646299497711,233.51689340105605,159.08884233538149,10.69922203812643,74.4995562754607,46.23492500951892
477.0283010317955,234.24102670167775,180.47217946893554,10.236858783998855,80.73351019215154,47.753235932752645
526.9719770087776,218.19467854445892,184.06147464037304,11.935646828001598,81.4491590109858,57.427239940333855
496.7272466875674,234.90434300205618,140.9220325628371,10.997624943657398,87.70217061706634,42.94901665306871
467.02090105852926,245.03843878872522,178.71442405507852,13.19154266141224,85.49391054498938,59.56528276830145
502.863834595863,244.09776313025696,182.86602820107788,11.219266637251405,84.51184917725801,42.250719108422274
514.444242986706,244.7860410114226,180.79664067165695,14.901602667705573,78.19233396272702,53.519864149666226
513.1459226107553,250.3167598197691,153.6614042848815,10.527296013739681,86.86734380433003,34.21845902396297
477.9559043937631,250.73971686526116,171.4586594627406,13.168587913018891,76.34675206948098,46.63372041886491
595.5292519109776,254.35720823080462,170.21394716841326,13.545712507617466,89.84154197854588,49.189891582043174
513.2682524688946,258.1012490739893,201.77445026078084,12.930278794251183,83.44420209692926,45.95460866009632
467.77001630901566,240.4259687430073,163.968892001376,8.878403911068581,69.91055136780427,43.09532549296261
401.9709725200972,273.83443021355606,165.74430313599527,9.319544793526859,78.42249063093355,50.01632353909384
528.8134241139445,262.5163100514179,183.27968443129532,9.426347929018926,65.76284442856003,46.54754692311551
480.7051522620893,262.96863357742205,158.48186551647535,13.87185502501163,78.97518176561255,35.83258546603449
519.3343910031051,240.96049590245818,205.85340565326658,13.477045667338022,94.54743426020536,57.84133106885558
547.1692328491096,254.84868631403592,165.93466810580975,12.885629021082996,88.92406133111035,35.06290304198072
501.9165159167818,238.228325750838,194.9929123315522,11.554865698458888,70.49970119068063,44.923741868519876
558.7277291166088,213.0884065771009,158.5168000954459,12.863629293212316,60.05000922330581,50.097560831422136
515.7214573846164,253.7800505284742,165.96608612016976,11.112530899898777,77.61171114139455,48.52191338354102
517.9119354034435,221.13223107968474,176.8908708945153,15.207486224998643,95.36740454645214,49.63531569272527
548.7920591792488,260.93439285262815,159.24176278207153,11.711125497760317,69.111540511214,45.43898019852628
520.4475344055288,226.26403625687072,166.27841107362224,10.105208447758889,57.0785774056513,41.68462838902999
433.3715621899725,245.71842702571905,192.24845437971848,8.008163783437642,86.58436974673944,53.2831554367096
493.2420986976691,230.91461735675688,172.97392881051596,10.65853605695818,95.46653481419267,55.79175598182445
549.6052019279625,216.54475865796547,178.40059944711862,13.362693868962406,60.48824321512008,33.49202467336518
524.5761539689956,234.3442439529851,176.2158378135706,17.230046595971594,87.93913471791753,56.3712253444154
528.1938842156399,273.75899976261115,170.25832332357706,14.300379929872275,81.09084924373921,37.84003932460759
493.65190931061557,213.99377587811932,208.5029150734371,18.30492544855038,66.09835490597321,51.16699180741665
523.5799008263966,256.9004062364314,190.0864165534462,11.887318289316633,104.29138625739195,42.80142431770094
504.46158400005004,259.3953946198066,185.6979631357312,9.688614525608216,73.19518329870272,45.06249842148958
451.83479147483644,254.60136597411415,188.30990852862217,9.516115195001547,72.5705251302545,39.03877583668338
475.39267981481566,252.22973379794453,200.75806145633965,16.69885878287935,79.47160505459249,47.604345272228215
458.56925045005494,256.97349386646,196.11101133889534,13.115507768436403,77.63032654870202,50.51509531469863
509.0746091392797,241.65162346026952,152.24725187173297,8.009924179610003,81.23255681492668,56.329630891403745
563.9316716486624,260.8556462760522,186.9663604873838,9.426350519377486,78.63991164585711,45.91496509641812
519.7492621012627,270.838594078063,167.32583403308325,10.5313740952904,100.35703781993789,61.093644818475454
525.6264364555703,224.52333561579576,195.89319843891883,12.83947115966163,79.7472484863666,53.86128178633793
480.1467658689731,252.46257785302495,158.51549591314523,13.269490143041768,67.16348588949123,39.48650707851886
508.0994193131186,261.6136683446534,190.53602983905873,11.180278642330407,88.30231817675443,47.74300859077867
540.7677074067182,244.35801999708735,163.21638290959044,9.919994645407327,77.60430829155376,37.98576096476913
548.2333909553003,272.67681670948906,161.02512881461362,11.572723038092523,77.77594835771623,44.96718175137813
522.5458709635153,242.96479384413146,173.7136915942342,13.77086341116371,85.35737595250052,45.90827983567397
523.9596560318696,243.9781835618394,179.28453598087216,11.42297358523707,79.39131069024195,54.98197227508379
546.4268384054119,279.6147291786299,212.57720595095108,12.123011858193431,94.22890690927997,58.37487397830485
491.1675220420945,215.0895793632493,160.91676185921543,12.804742627606018,73.66749717838366,44.887492238841126
482.38903076715735,262.913181088226,178.57177341343473,14.019995775930044,73.85958717739767,45.147494382116484
525.6944654416757,211.9871615161527,178.4524975461482,11.707562823576012,89.74432497932237,53.298742143645505
534.2184787517202,233.5695457036599,188.0928182926251,13.844168494994285,72.3523835328312,34.68062120968862
534.1115737143629,203.7880577605693,187.35166198712704,9.847410613992501,86.41924349433073,43.83662244178883
501.25577397390435,232.47041569057512,164.19911969798073,9.36332124686758,98.29042652605807,48.248696935884944
485.5738613149332,273.5124198614156,160.69510755361816,11.012851127311066,77.89549567154809,40.01288120224077
524.1710953433299,273.4231321476136,197.83313071101315,12.532482486677724,72.13233508432944,47.06634778820141
509.46459782849155,239.60907212965887,163.32803608309933,13.467268936785127,84.78146405423101,44.31648504397087
507.2518108247725,255.930862284916,207.3322159774864,9.638206800107534,80.94252230094114,42.954319908331186
521.2877316930159,296.0442064969971,199.55653961782753,10.980340659701122,106.0002419838716,50.43049753747646
538.7791539537145,281.42649318415005,190.00088636628303,14.408892266532012,83.69959252900368,45.49626968038138
571.05193230647,261.0544456650409,174.0771310155956,11.167451851950535,86.19083952845034,49.40656407626325
515.6248890986407,268.31484271414337,163.6649460353901,13.69806703909831,91.37972996884328,47.808429428158426
541.4961569397225,256.3807644253072,188.35233923566506,13.326720307195137,70.36464470141131,39.59484459915545
494.3065668393316,250.20456077570566,181.1706011614811,12.279927993438383,71.66040663749408,39.34437120376342
444.4714956305897,246.0449040382053,188.33417914297172,9.206692591893088,61.59684292568183,36.27490748706873
484.32268037600176,245.21817934955752,152.71615974232276,11.586846403420358,83.51337708111289,41.16190986958481
478.9978177316807,233.2279203767136,202.00657302060958,14.371151759194355,77.76234089298698,59.44720876795055
492.74663388593825,257.15017159749226,181.96141522101115,10.658214539114406,78.13529410911705,48.32383163763925
515.5736832023043,244.68596226748826,179.85653905070504,11.278232744275028,77.91127559899513,50.15659307241188
487.88453455439725,280.9844271759987,178.44405578997376,10.561566177746572,83.7008272698298,45.87169093975007
428.6080487183651,305.9120810682974,174.83540400192908,7.864744548374983,67.60652571730313,53.225796262405495
492.8744739186914,217.29899740140687,185.2349088710578,13.617678480754504,92.48506577439565,49.052848436867876
467.92130793045465,239.1782947530837,172.94814763617543,13.935021672068354,77.39732195254217,44.66712540926536
456.54045537492766,279.5593377594547,177.23028843552245,12.034001875962868,81.57671781550258,55.587083028436524
557.0752858242415,268.0098792863786,160.74633189775744,8.593925941079624,90.7706062954053,54.47450921583759
447.0018211639922,245.6592465301686,163.66577018962153,15.09894252963255,90.90452462236635,50.62965611414897
499.21722422059975,236.5307518243975,172.0582361710456,8.212551230329519,78.78656978605727,50.232186881252254
530.8815931851177,248.2852325241581,180.01841776725036,15.420343423815984,72.4026008675884,31.97694566791825
466.94515218083353,237.20894178686964,163.20727830349503,12.970787468333686,83.98472811550603,51.41867885661485
486.34607737273143,230.54464536552135,219.69509998238163,12.1684674831979,95.70855886449758,49.69191502915381
530.9759604324182,271.18859968230095,150.90361585556676,10.828547120578042,94.31884241707576,53.66635615157607
477.6296533590352,232.85456227197923,167.07948990100982,14.355580587791696,94.12244466443833,58.97469605413404
526.4908041874621,237.8183905001693,174.18140875728568,9.432211330842732,82.80191537489999,45.21679997828633
478.39815192089156,238.54683868027712,179.64674384622705,11.179820036031561,89.69894832589571,60.23197506226148
538.2174765738279,250.97968904445761,203.81845356181384,12.543889618945075,76.1253993483827,48.75727089048609
493.755155625005,265.4575568592381,148.50590668488962,13.63471438706961,71.94729302274635,59.95451671690812
540.3791894344885,252.2938053196962,192.26155044836793,9.172643626998356,76.53238142677176,48.87572606586241
532.5159944918037,239.55374563123667,200.6962072604767,11.060502397018782,78.1339160008796,49.63033682969471
486.9491090133549,242.75485155580054,182.5518529578091,14.730777323190484,76.34289823984643,46.809620188523944
536.621316272333,274.0805564795861,177.8060657151854,12.39198641895929,86.68778780818158,71.71047717614562
456.33891353361446,213.6447794009534,181.9005266700992,7.290658521890567,93.57968573777286,45.19066454702998
477.28136032940546,272.4507670039999,178.4705098942621,11.997340782519371,72.0516036390129,66.95839685151569
505.73587056691275,232.57158553523885,164.23666803556898,10.306222541610586,66.4874903957436,45.359072690714164
481.8882803968435,228.0611829192094,190.84514652009233,11.75684773327836,67.15672310304078,46.06086527603154
389.33313482240595,262.7179762789653,194.77210590858434,10.148183736179359,70.02598502416193,44.043555686135534
596.5100085007658,267.331610365341,184.91146534192717,12.857840748519703,89.78173669043095,55.11551933334802
496.53804532752383,253.67986840092087,218.52987040820508,10.10779340245629,68.69055345036355,52.339933222010444
488.04288129108164,214.85991015525659,154.44387057890862,9.61172602472061,83.31300805642968,55.40501002496521
529.2338097718098,248.99548287402416,180.4087450114502,12.444149577382511,86.83296523136416,54.1615906934662
435.2940257686374,244.40470021521924,171.5988483529552,12.122726618272525,96.56548864478425,42.79614299929979
473.8109911679194,275.4248734785513,169.98123574392366,17.082473786024863,95.80362763308074,47.591910225707615
525.2020976669894,261.1206848857456,152.68893636367324,15.315902905107222,71.49902751422789,44.22218261741769
524.4868879403907,252.66117972390947,160.70995504181343,10.597576934987016,94.9956737663739,58.04512166949793
464.8658411652207,272.24026883840287,173.58811141602223,9.020425040508641,95.59894925048614,38.720702573169454
556.8642320284528,229.28587965752914,160.0411698074659,10.27206237886069,70.45388333007357,53.47449070014033
511.03437035053827,257.2133803411505,170.85382320637686,14.865801191401063,84.67780394134876,46.551665200168706
519.8899114662796,230.06280825645388,184.1707898213844,11.859111180475715,75.89918992589214,39.56447130300745
552.6978278787304,281.8365118538381,177.71935899937938,11.210680009732036,79.95384291828749,52.437970462423166
532.5884107989835,248.77406968960204,194.94055408186725,14.190699774930994,73.05507258143047,50.07937155164954
543.2202426001326,250.01013636772998,182.38010723526435,12.88840503633072,77.1225162150139,47.02166793774211
541.4154001139966,233.412853809507,201.73023403822356,10.915116035213568,80.3526306907207,32.82590332714874
591.1924354853179,280.90441956271735,208.471601350482,11.842807437620444,67.32008793098639,43.06750445411136
446.99696936272954,259.28057637301055,187.4888219125157,12.05208444330209,85.83734054804327,44.00995906622593
457.39117410053797,245.48066703086513,180.5117420962401,12.583922045694631,82.06772776907066,38.53751958276846
526.1074096811301,211.0828748123518,186.78887599664074,13.141939121382029,95.0213390183508,64.64443018488566
465.86939321319886,246.4660428712276,170.66680973878002,10.10979669762884,69.75498106826274,53.51265457173062
497.5066398807239,231.17781071475287,190.79965671216434,10.390629115979587,72.97912263192052,45.25463037861554
431.0334389160014,252.83374813131564,160.48763209696,11.866613373336573,82.10101420295865,37.204804971461485
547.0928550143644,274.78701818189165,161.50944355119736,8.77236238314129,81.47243075473425,52.711599953447774
464.6173779488164,213.3632800363216,207.38724937733187,14.904806241894697,100.55678233720901,58.544253770571174
565.2814149471495,279.0415473743693,154.69268552797905,14.407717714548856,88.46182633349508,39.22506466428197
469.515075025778,281.0245910027518,187.09352116887754,11.998644997317069,64.95917201224613,43.094415590812055
543.4483585186497,237.3627934492719,182.07847926892634,11.025778685918494,65.16581029812947,36.78943119918536
481.88432538290306,255.66042994025725,205.8150410506649,15.146847086641127,75.45693460846917,45.85015138812214
535.8195485308887,237.39692455044778,180.15021085080645,14.054275074827006,79.30217920240975,54.24167147352638
558.2559179165836,259.2851378603814,187.40607188640263,11.931613468555874,52.61772896420845,43.562884044139174
545.036256894818,241.38201849247938,182.18813909686656,12.864388736959343,84.62795700357161,52.34002578344139
571.497761419006,246.87071025965074,166.19451043680021,10.348080639034816,77.31569283926054,48.18544759090011
439.244355935654,249.4999927614124,168.33600876561894,14.180867283503126,72.02106253596044,45.04659223688676
524.4111151636948,220.988014783261,172.39813547662897,12.125750770667972,74.87162700585102,42.61682002436422
472.04442659146264,90.766272829263,136.43505036944117,8.453225530205415,67.13041828924754,41.62808855425611
399.9712192886078,126.45581370369328,130.47613017224555,8.305767282550715,59.399535411709984,47.21121317059085
438.2510754295696,129.3626940308845,166.62405626519856,8.876719475025368,47.345854959726466,34.834333867250294
349.2557821651075,117.8436332621141,136.44027161906567,11.055032959855659,66.92404771963001,20.414326346500943
412.17234909646515,104.30999534462632,132.4218041516288,8.443398323842645,74.96926914304939,41.72848553926559
379.4692096334031,116.472066128374,158.52479653930877,9.711622254094127,56.07408979597296,51.321281317275904
401.70891649858766,108.11127891753156,140.19787203358857,9.592195852299902,55.44158031915117,29.533701471713854
417.3718315881619,127.09512371962958,176.32700933940907,8.34937562875965,55.377538753664155,24.243342263551913
355.88147467495594,126.28084082010493,142.50791640363173,8.019315698554683,36.1310859832422,22.171589206400252
371.33718645590204,114.92071421700791,187.16613189038873,7.365166348126907,62.974722859016,28.111510430761037
417.19775863936763,132.25473425588916,103.8569756650798,8.486000855184479,41.32776735884488,28.194888415650613
414.6361540126918,117.0745202327886,183.80155641788548,10.067784439666983,66.39756482766278,30.662772013431844
441.7768143794903,130.4142547394966,160.18770147149564,7.023369067150537,47.11262526133281,53.37317873228985
467.7809538843382,123.25734708471091,129.1311963864297,8.361099255818557,66.27919957909367,51.35044432611618
405.65410814204813,136.93267519792738,168.1106455694365,8.7803598376374,57.611337307102986,31.290459589517884
409.3179491725537,105.80555936156281,158.00273596840992,7.669942344826642,58.398423377579796,36.139640873033834
449.5262485858874,132.75085094830862,142.2416292414976,9.903547973239851,55.986807626972855,34.73238572000945
452.5672326935862,121.19675242781067,146.30992703242765,8.91501490327012,60.60647836548078,39.414058646903044
460.3142764387283,134.55475556304899,162.42841999432838,8.768465895059602,69.46453686656228,42.983910626400636
355.08301033020985,118.80263494370612,163.5350194324622,5.0658032986746875,43.830928190384654,30.552493248839077
480.06625448223735,95.91610015136064,185.04824372775374,8.483945879709625,61.969005448319116,32.402832053046296
411.6833392655925,108.90356926548114,156.87235844272598,8.451060135212677,76.84826075891908,49.91345658996415
386.5440913902076,116.75578062970119,128.11859353661467,6.989163209152689,65.5834725268764,44.30819478893992
463.3180263334649,123.88756142564714,164.08870796668256,8.784829472869227,60.592777616409975,37.00532592054604
367.6403185985949,141.2015713805105,92.94897944998422,7.007271340640065,74.01071929027032,42.61462384133952
458.4791902916834,127.24707722169995,125.2082764348024,9.138046693945633,58.44389790757085,24.24678121619812
417.23207450377294,139.1599732666185,165.49787228140386,6.625126071180681,55.92776871527036,31.98865494138431
433.53431493363274,122.7819493059064,126.47564930466287,8.414557246922934,58.4754030680243,14.566844660195052
418.5150044917191,112.30049557831914,142.50231849637035,6.38154040871704,76.5856034134375,41.03595712985727
349.0523299868392,125.90337530721281,138.23270123074278,7.927041711187835,62.71601956438919,44.83278566007192
428.9013952970008,124.35420057247478,166.72205457929147,7.081409918689074,55.83536312592406,38.00383991635901
414.2732872455642,104.18523483879481,150.48743199310653,7.868249297388192,48.28010094466902,31.317890815299414
374.1672973008443,123.9302317986791,150.97904040510562,8.137131758056698,61.498212355609326,35.58536236894667
404.29714836313565,109.08874536224414,138.80986314986507,8.832049793396022,59.4994663484002,39.10229562445098
444.52152274400373,140.49193443079207,107.81401175227354,9.15186214918059,52.22826762420836,43.98735133240408
404.16629912998,114.78716083106542,166.1325512305702,8.027634232832913,61.85832974367952,39.04786027074871
433.7298155829011,125.25734512774832,151.27489054092533,6.920435828451698,47.08001082785072,40.3011807914753
445.051642377677,138.29656469629276,144.0036523220488,9.16774866050164,77.94154034685133,45.35443758359247
426.4935706660948,125.29082299396045,141.96083590564857,8.439928294200701,60.56477258857783,26.142991621152856
374.5884789637872,112.85935186253188,139.85869217913708,9.86145416132069,43.825220913894086,42.76018312810591
428.3071276667441,131.62406181324965,120.59709824543549,8.254051057885025,59.73271032067357,39.30732610300348
380.02887121363085,112.01949735146324,135.61642271339014,9.1668093507306,75.79179859076667,17.090175574012687
404.04662056851254,126.703540900836,154.49204442523222,5.918552786511798,44.68797190254668,39.38029005873418
468.0850690530804,123.20474884719901,112.7921504068932,5.937950225368946,68.73226652433232,30.189069281500572
440.50497671438933,146.14164059639242,156.96211594732614,7.475781755224192,61.444094340896626,34.617382749238566
372.0814680486976,110.12950335008787,149.2952465013206,4.213659673461514,53.13480000838095,17.19320010330243
371.1050829564732,120.84753898189167,154.62059223764132,6.907993947064554,42.500176470252896,38.44744723662093
437.5061578926295,98.11613875369669,144.79970185590764,6.2655147636463795,66.27116585216922,30.118139993948525
403.6264864520427,123.5228552273792,131.45159782819118,8.949529988319856,76.05417940561824,38.172062238265475
380.0869801154141,130.5990997493746,162.31340372074627,5.973323609087307,67.36150896330733,32.29387492721505
357.4809874916166,110.40225989792549,116.34935877004294,6.6514821090299865,55.66163726284688,40.93037769882227
463.2161960015485,88.22585103465791,145.45079071817693,12.345055400208599,63.73728841367355,40.423554258755196
344.0877004225373,148.46284349744286,166.63297914545063,8.137194765945964,50.255138012886036,29.081753146559564
429.47238354639904,97.53394910389527,137.54640539687583,7.520155176286341,59.64000608680862,37.74095137193574
362.4951214757174,116.10042937792649,148.5466612299893,3.861797329201309,65.6465907949974,31.73971511890802
343.37633477006534,125.30654566901242,173.82911782764157,7.727252564131609,53.594478948316855,29.63635316823921
358.8122816823619,119.81018099907676,146.32884031766574,7.78017709298704,80.49479092893208,35.38038454618838
430.2913659565055,128.93720246983978,206.50017114352374,7.690177564021432,55.34835636074439,32.79012416146919
396.2839980396651,147.70691616710928,174.52046492010848,9.142883890440066,59.235345899163384,22.331323044646687
421.7465505208553,99.32138796608876,131.95937975023676,8.669929658289982,71.40935884501144,46.33196392896919
427.5538512187908,128.8722899405358,120.10780631110208,7.968023450237516,67.35446961372698,7.01400593147978
448.5564089035044,106.7723455235917,148.60366712318552,8.823324825609532,59.305294660214415,28.030655027579733
392.6504916993925,113.56905583241135,164.4196756113015,8.270247537777305,62.50291841744795,23.169023235583712
383.678630434029,126.67132586204916,148.3676082098274,8.760579227128877,61.94500980327229,42.025745941970364
388.6866699088252,122.58552033714277,151.08440521266616,9.188120683954132,54.485419031931364,52.29136568028597
440.1333374088947,99.32898219988087,136.89356689752952,5.735353299509661,64.32753457226003,47.773830745175644
372.1918118185117,105.11358783751213,160.1496968912767,9.189932148036092,60.20643560412371,49.31479245359793
417.09201552377266,114.18614674173682,163.59581313989457,8.330094568748361,52.62062694400339,29.99353953069233
404.2540610179402,119.40729474765664,146.46136873233237,9.010278659559635,68.86886622405801,24.10582879286695
428.27670235964626,121.48537380373936,141.8115399011122,9.473736849774031,61.4480570509665,37.90582880975064
414.372265275781,145.03756403445118,155.2003782220571,10.67509241808867,73.85231546544404,50.9307610010629
413.39871114981935,141.86866356820025,128.9836452224119,8.185487789394696,59.30571377554151,27.308427336914626
383.5878659056707,117.86108980033062,165.33177918008326,5.80016758209221,62.43387421570205,28.985077006136517
400.88148100814624,137.461084372363,148.15281292730666,8.300755651019358,66.4266411476982,34.094393111416494
429.1707300188399,135.83486335704674,132.2849085622284,10.257099222968712,62.51554955312821,19.528593657486095
419.9934370134455,145.94941244778633,165.0359763680815,8.497381183274934,49.727681542480695,52.7338104449061
472.67566525793325,95.05302274402425,161.995816624814,6.813330413365128,66.65605748030829,23.12038985641972
417.249038987485,108.89346811250596,154.0111986638054,8.004701079553216,66.13419883857915,26.644086563362226
372.26960539452614,111.37934836104401,142.3376894649856,9.5631084904971,59.41801879678949,46.25539840436406
415.09973922312406,114.64301077874354,137.54222714302776,9.368807083930058,50.52256473585708,30.481983254715775
382.9936556871111,125.39116594932611,183.17339922954218,6.807234525850216,47.183530105748304,38.919829849353334
426.3469853590007,121.03645144820754,142.46393535149824,5.667273486024343,52.8027705220472,33.05061350010526
417.22949178717175,138.40101088944817,164.31512919367432,6.912202337516412,59.100458205743976,40.791632289274816
373.93760698966264,113.87583302100059,149.71849770984957,11.218384630591938,55.5832066853447,34.503421299128455
398.52987798515016,111.03738980020701,126.68925456624893,9.697137691366489,52.658807386534946,43.46559144398823
365.54451118496723,122.7232204312156,119.79647978277958,8.102784828994038,57.47501262516095,35.158674443161345
387.0276518369891,109.91212584652068,141.40325227463214,7.39409372312846,74.67728875842428,25.586558512960014
427.4865448431285,129.36992540272846,133.5967713443247,10.296110934801044,56.62714465792431,38.25796236749722
405.1809233772481,99.8686772808672,164.94858675548417,8.54991795818773,42.12654040656206,21.374343837766524
422.3435746269434,134.4099998500521,173.2882594486513,7.755711904674868,54.9323146173268,27.81335300688056
437.13316050979677,119.08814059529406,140.77127667483626,8.016927103113254,58.27837682231695,41.739318299982685
419.27944996417494,106.02649262433624,141.3136237196464,5.930105414061328,64.94801662154632,34.61475325581584
436.0066014409722,126.45865404974408,142.92179103229995,6.285474693831062,65.52098038342506,49.51413170430236
347.5506693006811,126.21969477681078,195.0929678189267,6.334654677482946,56.66438357436409,27.388853794603307
410.8119909079716,111.91052283900994,166.29287733010887,10.027153081655197,49.87009831253886,29.761029997161938
390.0653378539132,141.3685030203061,155.1842503881906,8.930140172764386,43.96409038594917,54.599921199257224
422.02146709818675,122.10215565188376,140.77285706714403,7.261743203577707,63.57758682590868,38.54858998479312
393.82676403698787,110.59766025890383,157.3669012863504,7.736095590026816,51.715517102689944,28.032734593456745
410.11658713168777,108.97280342828137,127.57869928966161,7.102899343975258,65.29566685107622,56.44193726207274
483.7349386392343,95.2843301256867,191.46835328824494,8.900866819505644,56.39792864000368,28.885668245494195
433.7798658726099,135.7658862338644,178.38093410354503,6.644948732687351,51.646663379698445,42.69951325082839
373.2829808741903,108.42892519402272,158.87642688074845,3.9531765294998022,50.999853390991596,51.84077845986974
419.8206618929387,98.32646358203141,163.15097393401055,7.514351732101345,51.02356844932085,22.390026520258587
380.83776932879755,124.3430604035414,175.60755325237054,7.544385249456003,52.83334461965702,36.225405090022036
367.8586137998504,122.72615703210812,135.01459047178136,9.15437008053071,58.92324757299752,38.94985214422751
411.28620762321714,129.24946000008322,137.41879292581572,9.71397838027609,63.17228146276443,53.53228834014648
377.64522113868713,139.11038663482057,145.5636367210713,7.698735127278684,40.670752340600224,34.467390107271946
434.00862703722396,129.8122483381417,130.96687918654007,7.865711499631152,63.7147230083446,29.149981558275726
467.7729708571278,145.33162237312348,170.54452974136666,7.62193648142202,74.3275980607463,60.50143100182551
377.40450547689187,140.62853244709433,113.40329924238071,8.332672145303135,65.04110070678375,23.165734827005195
440.2556318584649,109.52854032427348,134.46895968819425,7.365121997818617,61.01010599045909,51.90966657776764
431.5054352822132,106.73654090728613,171.14403486129805,7.442701633622978,52.931301499775834,28.651290638401214
388.5390077400405,102.10703053182212,127.88394501604012,6.670078030334913,59.222516665303985,47.33833495151087
440.3324113330558,134.1993005779917,158.21582605900028,9.01193821451896,79.19270672151521,33.78311561605725
405.89561269394045,100.54071053839394,155.2593955759808,10.209566865023726,61.52462473288945,34.827612316046945
442.7229817061446,114.54963659178863,150.17847020200452,12.022914493800887,67.7066923660346,34.10126269186182
400.3594978944261,95.5169963061191,166.91415280193738,5.944665129188788,56.538914356326025,38.910352792381005
370.9470100167217,143.87036372187544,166.12903656784135,7.632131602069372,63.775178119610366,33.995294696181716
393.54531252015084,124.88030574732828,184.50203380304333,7.498743306345147,59.5816334983378,35.054564836351474
347.8042724062957,148.6587175118928,143.9489921859752,7.6932178448506106,60.28103478327696,32.10540789764871
363.2679420226654,94.81318166985183,122.44933920735531,8.192613506950684,56.816452711992696,31.198524143487976
389.62167034844765,116.95440862446577,149.07339190644095,6.401810178400861,66.04348079149555,57.3074219758233
434.00301836677636,130.0496661263018,146.7854158518847,8.785747217656088,75.60239038368181,40.20922545944986
378.58165049364027,133.98842800858026,136.9748631181824,7.431944606470348,71.46734654285487,46.626937130007
415.13844819358525,125.87884797139559,154.27657995650318,9.71255851706241,53.5724310893992,30.79007204308188
382.6073389905884,122.06462144298521,170.0252567913401,9.38246045469917,61.60622261581525,25.44280614762906
455.2960699143693,107.81502165750277,173.23763909280765,9.955836720476036,55.762199628425215,21.501635998928762
418.6078023892049,100.82758166877748,135.29668472037733,6.950495008647757,48.62448803853495,46.97779636085598
421.8274230514826,132.5962497334613,161.23268424873646,8.572024401800897,63.17974982031561,40.214811187675224
362.86513468987584,119.9056274099809,139.20489165482238,6.4008448915287435,70.46048088473331,37.60175956767414
386.6431899154094,130.06203001324445,144.09648226064434,9.933731780268209,52.35760862207773,38.49421649838147
427.02900044791886,112.35570763123215,127.8817656424446,6.863086884134022,65.29397519043498,38.647446462368514
401.10715135324773,109.08380698375579,144.5594351223563,7.051094669814729,61.889080094285326,17.06661133809808
367.25373922998045,109.55168606712131,178.49158480190155,7.445214293299261,68.22996662421822,38.75191134045452
378.7914674112252,132.55489118797345,144.24525655157552,10.294376420750632,54.31166800058913,34.84386580889754
452.2891839720477,116.45618779326723,148.82528417999396,8.59772323685996,55.55226984245514,38.6400062276983
344.522224710958,99.2234267614295,113.64317370591421,8.798627163057876,60.26283635169316,35.70005635729174
460.63056559415503,127.57724897450191,122.14290503052024,9.24457217130359,44.440118631860074,38.062494043182966
386.24614495203673,126.93475964230122,135.03027536230786,8.299460276116175,69.26938926731634,36.918882878429386
383.137957370119,103.78531901404243,142.45995145829588,7.321094382700715,57.84074687417419,30.51623971732423
421.39109111385915,122.94185817236793,130.7566778373373,7.50728720094364,52.19490836700518,46.50686746255893
413.75903716290884,155.01207587352772,141.12758095632228,5.867299064817612,52.2739798957876,50.40113285034957
393.77320989941774,109.57078507338981,180.224842397037,10.816836346440054,58.68167392384197,31.53766963876671
391.04552269312677,124.98091129511847,185.28811389630525,8.235918511777724,56.264534818060845,38.91529464218114
401.85124108127445,114.32514123650805,156.78292748281234,11.61871412017877,60.00377088588182,28.90787901134135
350.3773667381934,98.08458933406368,184.39354607988838,10.105557302831382,51.26527202933434,23.500820061913167
407.2935065296459,103.88366670400664,137.06070068817485,9.269972574332979,53.49120296815088,24.643767026248632
437.7584745268805,144.383771636558,144.03809012123583,7.093534583323423,65.95981637777167,37.90598872324061
337.54177723429035,99.47639072415214,146.3003646225162,6.990636356967436,58.25066137999039,50.78485921303975
402.97936511614586,91.31683992864869,126.25350547008308,6.4687122491272735,61.206016859763764,37.240536806947006
127.73458231329391,63.26210419276948,57.1762736458101,0.01219717947526644,32.23481449196778,7.5288713258937765
111.04504560449877,47.143362799648884,55.833081422384986,2.0518288041472097,20.76337474436407,7.615319714310064
95.78160877142383,48.40294955291065,39.340306413349,2.3397554372844396,22.906268313709795,4.020066170225373
122.9622903357304,63.61254421207946,56.28636540463936,1.3146596776125778,29.058282407978332,7.265380798469931
124.28627742808031,39.19116854862337,40.342291375692184,3.9975432303688843,21.26161853726597,11.805115584105804
100.48022592710771,28.583277895525562,40.54486759037273,2.5020893065869405,28.164319760380828,7.000425340638943
77.4129988574183,54.01214820788578,67.76011914790696,2.315794094016401,13.085926346253299,8.501490084721052
130.52718030478073,52.42839843477374,45.0139829782163,0.7271016247708526,33.93606223492597,20.666152209700325
137.23277012310623,50.17386271557422,38.99072118008761,2.2321048122228566,36.726241352947056,7.337906017415049
132.22274246018796,49.535127153042005,34.71020365171018,2.4835457408001975,29.40873269536062,2.4601237969848953
109.7427173967331,57.58365345716173,43.88737085300851,2.728439122259425,25.55149146744357,26.7887629652313
127.51875691834938,47.38546119957884,48.62749154646397,4.078984070345744,30.5362512031965,6.616681465151002
117.39140518899043,64.56877071336072,45.63196377061637,2.4849491141293534,18.957563042751246,-2.6924046895090257
114.05767598952863,68.0446559645464,57.19723146915979,2.1512941330355346,20.35635623269709,8.40213995343635
135.24975277676646,71.33458686169665,34.9348592259541,1.7720527433020208,24.937841570601012,17.455304319905686
138.5733869301564,49.22209278696465,51.57912114444055,3.5265614954850424,21.67826470231661,19.107805309716845
145.10306171942662,43.37965070506016,58.62830260867265,2.1951929737308373,23.877409423461966,18.29760739764977
137.94327607419916,48.52311575423299,39.1774920729204,2.2343842855724962,21.067636179584955,12.478805146689833
163.24472460168897,45.9081273782133,35.563868320810215,3.214129107937543,27.32749351457253,18.288383211349252
129.72397226930795,40.176570980402516,35.47141694140024,3.7474912326106384,23.02665995319597,15.322743432601225
108.88899528860195,62.692116381402585,40.194508333522414,0.6813617910662468,24.595124353779347,11.034659703140116
128.21124499392639,42.96902182859989,50.011667332915195,2.2111922409045945,30.939874150414404,2.833450254315986
146.74357176959177,60.97523197456477,42.441517397894046,0.5107446621722138,30.924507288443603,15.283035761748625
132.89529404859647,40.20704060324722,41.12177624706996,2.2804322433926982,22.83419138025233,9.724787479957506
100.03677841059897,37.01357416479501,33.31467243648335,2.9521745348410597,25.283764698713185,11.137324557212708
115.4269474950271,45.01769058310384,38.89324462628201,1.6744206869932374,20.298793828422358,8.262934240142144
122.52461630092932,69.34614081434486,44.474126464232526,1.5146138140777823,14.848337817448582,16.79786347757853
125.0383666416933,57.651687902262,38.37023877726903,2.588921597098023,28.41119682107529,7.475311983483013
95.66637203869905,55.56129922191179,29.01393957079875,1.523108073636514,20.145919250661436,3.7545722658480933
101.52944593970585,59.199114650707486,26.832701159245513,1.3003854133063493,26.684623042107035,12.519446936881225
97.74382130297502,38.013935519234344,35.3944577548986,1.315399495361752,16.65731619690477,15.64085248362704
139.27782552625902,40.522704421542166,27.39419162403336,1.360497704552294,17.249571485454076,16.992906812597546
125.98577106944528,46.7544033790642,40.88806912237663,2.1426240298122696,24.8461179568671,5.010359783782023
134.9147286769675,48.33827471123748,38.10688603117272,3.137066909066732,23.565630440793544,13.002148248488822
136.90821987370413,48.333569185990434,44.285015387667805,1.9890435831785336,21.96867001700338,26.761976863237372
141.54963167809422,41.60315144042421,52.065403127427516,2.4765219109731387,21.144766013670598,11.542638255800178
118.74905499870081,48.83013323823661,53.7795363791771,1.1831721357567273,26.34082717298796,4.8215828699407615
124.3305476816503,59.63457724646998,53.68920930107777,3.1038167151470644,29.90994775636759,7.932201268142315
86.59715769642825,68.15066561336943,42.20430727529685,0.8666828754635549,28.174178177551234,8.838854552877581
138.93461753899535,55.08955039952524,43.25584775338833,2.757594718431609,27.913090627581433,6.6067152667211895
116.72575598617107,48.57524185977516,42.829624674867325,2.305872761187427,37.42080765583299,7.981316050571838
147.13968548643064,31.249935740568176,51.38013578983635,4.004453005373541,22.29554884964901,2.907164502769824
118.37649763750098,70.45478588240977,44.2402785533693,2.02004002018734,25.85865101462578,13.064456670509486
111.72303190237358,63.2483326985167,38.60908014116205,1.9687870567541066,14.595294560402932,7.121893347612177
95.52362613917761,46.6222669495293,31.844949073976544,0.5021741662619335,22.473577511068108,15.382684267846424
138.50919017750874,44.039533127394364,29.923082220846076,2.9345405181971795,27.455058025372423,17.255098734653984
108.7182941522811,56.2170447953694,48.229809869232156,1.7934770928174832,17.834869062420573,17.177328757106167
143.13313356044785,53.05845818806483,30.115050994387946,3.0752862650922688,20.31201723475622,10.407278833795914
121.17797782696148,47.682875589406734,35.06973537024081,2.2041100703774736,17.281773601296123,14.66058176636365
145.0213449151654,48.87570048919197,53.833755555625984,3.537408580844096,23.67303415803544,12.555822048410826
142.76258754290086,39.90725557175346,51.78637296552478,-0.17859737117118213,23.956405211666056,7.489487527956776
110.56295054294742,45.04901757444537,31.841943551010594,1.964848624584992,27.967305225398185,1.8621567963541583
119.56101809554976,58.87256735537396,59.420391836657295,1.3277261574644337,30.237596898810423,8.267261688145016
142.22441044761115,60.28078306973736,35.39417846079121,2.44115837910753,12.981732443600443,13.880189480324244
129.7158966150834,50.51005977057514,41.9656147756421,1.3512404182205293,27.550024159753853,11.224651855191585
113.34660129082697,47.72361135362175,24.58113341571587,-0.2790495989237187,18.158030515207876,8.05964816546457
101.20835293786976,45.89504381647661,41.952985184177706,2.3255660937159766,39.56459144639243,11.595227958132108
126.85785647008841,43.45173779746617,23.27520114971444,2.0690934694044585,31.570672732408937,12.699117981561995
128.3413611774782,58.54354532319256,35.352036572604064,3.0055148552026454,34.977372766632385,8.692393364223722
117.24428036261116,35.642260925990556,40.54553920280897,3.2764935006198006,26.979668314535267,15.7627500445561
137.0927239580223,54.973569549158434,16.81279782247458,0.9488636075462473,19.20587844120378,8.513726073050673
113.83715094542285,43.95467755453225,39.48690078583976,2.2451590116492053,26.436599035475524,11.664875356019103
140.40282990959304,52.8408514263513,33.532591123556614,2.3279191280464815,29.305320344274136,17.139298288042127
113.49363309812138,64.80237872840833,49.978164134525024,1.8677759349966916,27.20648639665988,16.156651850268773
146.84480032270937,47.747661123341715,8.047877769246817,0.7652403958292189,29.423346188770516,12.566201508768483
108.9969490594186,24.312685342565075,26.81144635842704,1.8542906584602659,26.83858813534954,23.6891261041794
78.84025114947364,55.567688954230704,28.73147654658386,1.7484016805337095,24.9585179254386,16.20776170323112
128.65876607918293,65.91499091532364,57.96148196574964,3.555647978584111,21.370883559054224,7.543452277890996
132.1256563486752,36.32148332536975,52.15182704958931,3.4164369121887836,27.52778124624998,14.228314400532085
117.54809631456169,55.355920977029555,52.15095793888931,1.0124389055576928,23.246028743756916,-3.61846806672936
81.81305879315154,53.489212684040766,34.17486312678865,1.7209304101358436,31.043900268968102,9.131684350571332
119.41474775200031,40.912989236971455,18.54583042113319,2.1517085244607843,30.565225182086714,26.004160447747104
87.62748911795401,38.34065995151493,18.015383577490436,0.7073454553133935,31.35815648969134,7.817930083253733
126.96269468844793,45.89468511898121,36.881352368354946,1.9308967891171909,37.54027297490984,22.757943205228152
79.16763914681931,63.935684702469,46.23407602133679,2.0911209779330906,37.8696838456604,12.124838299144784
110.47932762356878,49.7979001665806,42.25998028388235,1.960022102269068,26.688549894144447,4.307294753986859
116.21284459757752,51.165439971003636,50.165377376286415,0.743393263800546,27.268830024357257,9.691478091233304
124.51349604929904,52.43118957719509,24.743114413025953,3.0845800678814443,27.711392315164982,27.614011440858718
112.75149391887871,53.65569578714991,43.955389993361074,1.8409082541822182,22.180744318474982,16.993039477526864
126.80070375305007,55.00825744634182,47.52960233217702,1.437625202506709,27.296568956880478,10.219138734660762
95.36768812249225,40.78222261226395,39.30730198991754,1.7087013690341657,25.859542373877154,3.8006139999948694
144.3899548310315,41.20623861011142,41.72577170042944,0.003960074484793186,23.66676168238814,13.733260560594275
113.04899634725743,46.3959405552924,41.086929928295525,2.028903849406035,26.072522359375228,4.435725554369078
115.26103152265424,46.05288004888975,36.95371559971028,1.4437303244999864,27.902722082436558,10.357020276289969
134.13272472705648,46.30811005004842,38.0566679482367,1.853559529109865,18.065435521478477,20.341883991850843
88.10845511258091,31.864952618940713,27.508430435479532,0.6688424407471967,34.04205883984087,12.188342327116116
124.43049356351523,44.41058373817644,32.280818809027394,2.9603832755260058,19.28308393216932,15.410329233341326
132.9049511821898,54.67888488040735,46.10671757090251,0.021161579817429166,27.605612912812983,6.779376266711604
117.5166898507084,56.93786579064892,32.54975066140159,2.3854216799102645,29.42875997604611,14.390171034936426
122.12895051155688,40.53727879722421,35.290386510117806,2.248442141685343,27.169659320735654,10.964799015754464
98.03393648013252,34.6772914001094,38.564650725021835,3.872044647841194,22.454952173438407,10.295209433209676
137.8417182720193,57.069661630544964,36.87536278419294,2.532285144597482,24.372226176608436,3.8657475888144788
103.69020346838508,46.314965338563184,47.50690469916318,1.583178831852297,17.09846445921057,5.7205056650180595
117.18763329260932,49.4348939959976,38.143647151379525,2.297685499787544,34.9490957878524,2.716483551173985
105.72529217798865,59.89536733242851,43.45056950242146,1.4606411979891551,32.95493417184464,12.712202462371302
133.69208690967702,46.94781293509299,40.342436551091666,2.5527795734674195,14.411699258871257,5.995639362228858
117.59882116016655,49.230002782491084,39.929329128596336,2.545754440379511,18.206461700351333,2.799770560925513
144.48767872463344,37.740763499642505,30.8504545410126,2.2655004538906196,24.640989078807678,4.134103434618446
131.4051736439172,39.889625489742684,50.68568705908607,1.6616547268211412,25.921355922958316,6.573740610846012
105.50107091077061,30.568436310687183,32.714236521724075,0.9171095380980419,20.539055681200555,24.524923965289286
106.30372541745872,41.43855518473207,7.3075957308711565,2.952561621813487,33.858922969953134,21.102779670338904
118.83255999463148,62.77276687449661,35.8167034809159,1.110487115565733,22.602329005682527,16.15356049515466
113.78314996047402,52.634034097002754,36.436347942501506,2.4710922060261042,23.987026168466638,16.146571282636536
99.04993460987212,51.80175780164951,58.94037484739162,1.7452143247272718,28.062081024027226,11.856617762000061
127.76051950406894,47.717800625568884,45.67532417892871,1.1218394314591853,24.183062262547704,9.71637937392636
172.70915487854342,42.57668539635355,58.8852114974733,1.3256302874695605,20.68792146567087,15.129010885014225
110.88539481199368,46.86120467732669,56.58114187340679,2.8511141829233804,20.17222169242875,16.196704246120618
124.6328199032721,38.824487535354045,47.23738152163617,1.7868821245637672,20.028420547276195,19.447581841464967
71.2094759579601,49.28410641246802,37.62490347346089,-0.0960202889316717,23.94896009973644,20.818056039057275
130.23804957182494,45.405113913134265,42.41446519680697,3.0854494935052488,31.16829590261471,16.481320810329184
109.07336508410191,45.26594613702375,50.889040054636006,0.2776001783602584,36.54066349858239,14.597409801967068
110.8530061838576,46.710250353418616,34.67922810542951,2.8261553313479744,22.075607740703692,11.623322395362777
99.47572550287745,58.480398321046394,26.78721421249524,2.5499008272722294,22.911365708691182,4.2569675037681645
122.42596463543336,44.081580179044124,36.59215897434714,2.4671332189876196,23.804425888689003,6.338977272808031
133.41767269964404,66.317048863881,37.51973774946423,1.8532315102308143,23.973522206360812,13.197625239331398
112.36535220154975,60.87583938471249,41.588632440772244,3.951178064309829,17.144215487455057,14.633217588716391
111.43583789381421,62.640792939963966,43.061162451390345,0.2890206116280847,24.023205619710456,24.937358606290108
114.18911405674623,60.56354954400935,40.585297172281905,1.7345500467142183,25.195228010518623,1.7467267255735859
85.73605980252538,61.550846142742785,41.78526166102026,1.8719767314668556,34.6590970501202,10.929351431644303
154.30696333197466,44.191235975601295,35.62072910829703,1.2405812445174917,26.25506536314052,8.93456122204799
138.83643730364747,61.8063237633244,43.02420044477308,1.3729534773853147,30.597543152444395,13.626614797987068
128.3943066795478,46.754654737804316,27.406544371237878,3.3930768529013813,22.740773980865008,6.0438424566678535
144.95826936325852,51.60236051825422,30.264935483897933,3.2252611802935154,22.68903562893791,6.227796891016862
84.55626212717277,51.33251478414977,44.325407060181966,2.7111700197197774,26.812514389729902,29.036656914117493
137.85824585651426,50.094727190706216,27.19866835990943,2.033008062635521,29.325969693291384,16.327796381636077
87.28419091129103,40.046837000644544,53.589701984465805,1.5305865960591105,28.252796960261136,6.068966041954004
118.08887767863,33.76279467732507,32.39213782044545,2.1930566303767622,33.2003100873072,23.474677612961756
86.32143987837448,42.967057044689966,33.841887708272,0.6101298638241373,23.631616896790305,6.7107195731311
146.19389364164687,42.654150285386685,33.71843750939543,0.4595564816433302,23.073593614178215,2.211357796243121
128.4921632287993,45.513768808635795,60.61847742550974,2.325631052597433,31.30302498586196,20.876160639868502
111.01494444559385,58.99425133764436,36.970346696642075,3.604966236940288,16.837952848488683,11.454393149656646
174.96155478014916,35.25139826608819,38.722196760285236,0.7380265337806349,22.676587042260053,18.983355834364314
134.28612565996116,39.846879197543196,28.780963750292614,1.8488380291410598,21.833911474773863,5.531856012183377
74.82613517779694,46.2532798564704,42.1342665585479,2.884674797338202,22.654546717588442,22.648994288761813
137.64123565905066,33.478969928269336,44.484176651624445,0.49635198342597975,29.101323760213752,6.83286716593291
86.83914359413623,55.521315831813524,41.4439485006836,2.102897911657996,31.858662832742773,-5.539595902828836
98.90133238123447,39.024452967624406,37.84821091859852,3.478005627258619,23.62884963342701,9.531915728989212
94.26662246428066,45.538626468441194,32.30859438695174,0.7963185859791513,20.971727641771363,16.60333404918934
138.5643361720735,33.94014667267919,39.182841478036906,-0.006314147979580742,28.81902004249129,12.75496928655316
114.1268328839768,52.01848952172854,57.89414039276013,2.8110763132823005,16.734413595023735,15.008684954732173
128.05728312335654,62.75028890401232,65.4681218813818,2.4613039039387736,21.636504477147465,25.544511555653525
114.06039775262272,47.543568429303164,59.012355116755714,1.2224886540276092,28.420523951762544,12.331799700542417
136.2990893292832,58.83963688711407,35.856491798318444,1.9294533584220905,26.589585368558083,4.495693059134309
104.6593982181895,30.492841417925316,29.603357817279516,2.7134636063346145,30.123258583634307,15.27589522745255
143.85941683314869,22.64210801010038,47.668394562781565,1.755548093453076,19.13681594964217,11.672546140012185
111.02349864368014,39.73836010150909,46.9944821763663,1.52190814382138,19.918067404973435,0.6802313923204206
153.79882933829356,59.389193028410354,20.64173195902641,2.5986033287474086,28.677775342110735,13.390093390504038
126.64966205307935,54.444431989592246,34.06433304620549,1.787058780567925,19.000984132051435,13.716796659654225
137.05562399092727,40.262070795404526,42.5440008082745,2.124014616743904,33.063753832450885,6.386429574817614
133.2110173988117,44.54506731812708,41.9863512551678,2.8799456631877867,20.060043712273192,10.519305918599498
175.21445838560498,88.6315937796536,86.93205945291629,5.867193012237619,40.78992800584065,0.3974349877866694
250.9535234830267,80.14938266217644,88.91409216212855,3.3524907298627173,45.446561992780914,2.50616384567115
254.09554653600543,102.90776318642004,80.5568662482295,4.23257271453818,42.88073854805556,3.054388764193091
288.9614991093657,103.1847811871385,70.38962224982608,3.2637875893368373,35.600705023697806,2.6346008937765855
269.1334492665328,81.0842339735008,73.77994550761746,2.9990507756266616,44.31298322111537,3.303736981508747
196.824724800811,42.034727099961366,81.27764524865049,1.5101591501082097,43.047533092500686,4.589312522643562
287.71694430562593,112.17247570646326,99.63530496539664,6.190953447431541,47.031679122634024,3.504845953870012
258.9092425910005,74.31207533612694,100.21275751575241,3.5121349168798046,35.28253884292055,3.17226403843145
234.948378163586,106.37136936598782,40.386774082421134,3.301500614100571,28.47977052460944,3.024911794973358
250.06343148318,121.0544104973915,54.625826766911906,3.417363307277164,36.06367652240056,-0.06300613436120583
247.4928829183109,81.49466874257718,66.89033275768963,3.5718908161464027,39.362034514454436,1.5577934009383538
247.7720409889608,111.51814573858871,57.85274983614764,4.042551264060455,42.69165290530549,4.124779809418015
225.23266328056138,76.06913388824732,98.8173355702945,3.712249231036235,47.3015190700778,1.4448266381052794
236.41461627654647,73.83230802509078,93.86427785843803,3.9380466602237423,43.96145759939871,1.6538827651589638
176.4075383727558,89.73254755880761,105.59541039121774,4.3505549897089235,52.13450580225091,5.816042646059264
242.57732975950816,92.30078345573628,74.27047137098799,4.51786763002262,36.04862204470593,-0.13653255028004585
315.90351246096543,80.76442374126407,57.027885774764925,3.9859748532185866,31.71668396853451,1.2208435316467037
224.03979181660864,78.58742876589861,81.34775688769433,5.19697518011735,43.018716231460616,1.7501403018011088
243.78683775391295,85.72142228473176,99.90461795303783,4.685780004944623,45.14284628954145,0.8435551251203597
248.16007463322094,88.21323791950732,108.82879609419047,4.2787516746025265,46.915019244414694,4.062185844505393
256.3211423133746,87.9458085963814,91.9781367612283,4.27324131687195,36.91368347095603,3.7719530715040914
284.4942803270932,100.56378995003269,69.59672071058341,1.8791746509839515,40.989765188241115,5.694719000009643
284.60195001031775,98.03792901960725,86.08278082227315,3.3213697807172,30.251542705721658,2.1497947344933643
190.83287246369855,67.6698402888388,82.83851158757363,3.0580513851300983,39.23733599658671,3.9599787653236476
294.54740192912004,113.42330243171583,65.30905306034529,4.521423114532963,33.95161750148445,2.676038191635073
281.9212812026956,90.27803533405775,97.29279881342202,5.656326718507511,41.28378334059142,0.42635854599131084
246.77202792473196,109.98723393265902,78.9106138030377,4.955841750892866,38.32591369217293,3.824210357583018
300.2842424247752,98.89798572034123,72.82858411907394,3.972820562636072,39.06713628687517,4.218372782472466
281.1368078151961,111.19059604411234,74.68952590441754,4.092752570527308,39.626658131575645,1.2708878251445175
186.48561699886966,77.60614908005078,86.48689152136055,3.6633696297206373,47.30838281920937,6.9545994324425084
284.0762689451217,90.32393912529167,64.60613260954406,5.090549307162828,44.026435577943865,2.8540792996190616
197.62792119106854,75.59996311761603,50.33021953886768,2.1971065861493244,42.82148489602102,1.5322861074026786
272.7969722028138,98.25398001367414,90.45600838488109,3.7442558588188373,34.475900926921895,3.522360140121256
223.95895956919256,81.50743190092841,69.23419323775406,3.8275634841720017,39.112309105969864,8.408381395561683
301.41313009868327,78.5911329932711,77.40852241334228,3.638647782799989,39.57221049150533,5.330317764016325
277.0149848258957,104.17925988659826,74.1783019944702,2.3949782179507713,29.507495553376202,5.387103931183322
261.7207026988992,104.05155705402747,88.30716111505727,2.4588446300389544,44.641638970549664,1.382933092339347
221.9003509131863,98.70460818819164,108.98783825360012,3.44853412646896,38.978101707761596,1.4283254533593706
272.1044144786729,118.70562351422826,70.8550918736711,6.179354640995254,43.882382057056375,3.671834113949119
205.90109527327073,106.75440881566144,81.84902507779418,3.307230963788684,39.099147278535014,3.2848595846199613
206.82247185661947,75.6689400985132,92.86271575886,4.513503174805722,36.96233371317066,3.490665753715814
289.66249859617017,120.02290661303937,71.84619632792095,2.629459496991102,40.86609878493855,5.953407991394238
205.74551205787134,109.09651488492344,79.70395795748773,1.5133708210155272,38.10359726182217,-1.4022153453161401
263.1562336740231,101.12621811869504,61.13222175652817,3.7426307625089947,30.715693648168877,2.019401296551307
286.51003257613263,83.03327306396503,76.62734690876817,3.14194072777736,42.86120749018185,2.353575765600734
255.07781956887962,77.38973105073657,92.91306420451625,3.380125780390016,44.602619949230984,0.5052155194322481
288.50235484100045,86.6529889850132,76.47853256923084,4.2101581881600465,34.61355499665633,3.398163599181428
265.63694908567027,98.47981455980349,79.55318158546758,3.381878362350651,40.1826702041885,6.512164648533469
218.03493351726644,105.96063855040774,67.41904575601953,2.804553496782246,34.512875555142784,3.043965446213368
216.89462941166244,102.11589870865278,93.86584589049542,3.626552475393381,40.79540910171013,0.7410713713597237
255.48934733585023,98.35095349296657,87.85485108847834,3.6690186371420626,45.01710242580657,1.6479444238897036
242.72382198950172,111.25868508783466,74.66149275876136,5.083819542986993,26.432264108316524,-0.6068895987133143
279.400762987584,121.98503498809234,80.51480253293752,4.925114122577226,34.17986508233196,-0.891541330468741
235.57408203255233,111.05035539804582,77.83709122076768,3.645985573360494,35.97956157753293,1.4469203697954085
263.5397938209344,94.70441099643614,93.76856501137995,2.827993871694958,37.89533953355901,0.8968119074555831
275.59429806979836,107.32558130048835,86.89606092942574,2.2074559620676917,47.132152983691704,4.412187862185453
204.94036501202623,93.43956920590497,80.29296088945742,4.459011906613846,45.75758642103182,4.116601345312761
275.0459421760901,106.5524290540415,96.08860910701125,3.5470616392048733,43.58716973331368,1.8828470892330809
215.03324032272587,72.71134383437654,75.5433935126469,4.46545205620653,41.32946145345538,3.6835030136101214
276.4444334033995,78.41829025876216,73.73789413905243,3.431985940339276,43.51150659280963,2.326708675615742
291.90189201808204,71.16493741331321,96.93943872636162,3.6266361104349327,55.931188316871264,6.749905577111598
242.04798458055774,108.17732156726179,63.82764614270424,3.6052796508969713,30.638330639735052,2.6046395047315394
259.64273196520287,68.82606765735238,74.47624304468786,4.351918983009548,40.341353897259474,3.148376357900488
217.80324988428436,93.66216958212928,94.11107479868365,4.220945257200989,49.23838857348177,0.47575060857457396
223.63973074926616,84.51194744279721,100.82752790517658,5.228690888397398,44.430716375486064,1.2096948225319963
171.27504290271713,92.76186867798302,59.088588995915984,3.362905707164032,40.24891312921394,0.8765920086334416
256.3857478991286,87.63307870607638,93.87980321074724,4.133945882682794,59.004499475505334,2.4189729861009845
212.8299687327902,59.07736427809088,99.40715401577631,3.6245315684033557,49.18333595590607,7.918792872301676
270.41365123453267,90.00719133548593,81.74546266414947,2.6316023459443088,46.584960248760794,1.353578607924483
171.06908118277923,94.418715627767,90.02036581374364,4.116715930217995,47.12626094894543,1.7385308029893443
276.8374748943536,92.42773940980072,83.7309804887826,4.311095722494625,40.451652587105634,5.305221955849296
272.8202933187925,75.83092004519526,88.1605052184532,4.59336701533168,31.370949494080346,1.390502763395136
242.11286942140484,62.56323559904874,79.57080589781073,3.3569180999509367,43.182260394736545,4.938382870872848
334.9778332861088,93.14695137546285,70.90630982274395,3.6192897123413945,45.61733721533153,5.88019832427509
215.1987840866482,88.68335504163176,67.300277182334,4.081832820886198,32.91823526545468,3.674802064497932
247.11683880581054,108.68289338476856,78.92864637367161,6.075697767382792,28.47155387518663,-0.636527011193126
211.52661369882475,78.19693055431343,84.88374359224142,3.9592834216951402,30.919738310237523,5.9426533538110515
268.1626641779844,90.88405430824041,95.77405195176397,4.718768991768209,41.07507784501787,-0.046519890374877804
237.73602090334367,84.42114042718555,85.97877627509376,4.848315194269118,42.1489707969121,2.4598883933305293
228.37050297761994,87.30896502195496,64.61969239515655,3.587399106432655,36.75455116554461,1.3632624771645243
275.0266176856929,87.09236856493,76.87497169718169,3.0564161743008897,38.56321870997873,3.8707309819974904
214.52371877449076,113.54050218807257,100.72674918088615,3.637889641522101,38.99955099402954,3.692937706993889
276.4400070491933,74.82425966024813,42.47514258053574,3.493944042515357,31.744014058256,2.4402493841405404
254.56610134918316,132.73782366584337,90.06518125209855,4.662820293321554,39.55911634999574,4.7609736173734545
272.70473298716996,69.52593980649496,68.5712305541282,4.439425937796091,35.051879887038275,-0.2219447119626361
240.6335841194887,94.76266579210065,101.55178680236065,2.950227335904942,41.72664632365176,5.286262181859291
231.5904392880819,83.65643052978227,51.97343062733397,2.276387544610695,46.42146250681152,3.1903667452415476
249.97870411598404,72.19789329729015,118.25205699738129,2.7211707349300402,30.00102645551752,3.9820644218534316
282.26625494950554,86.16705537943955,82.38077691857602,4.849587344901802,36.99778669132226,0.7284156047710773
214.97508663508762,83.9195787664954,59.04350593289408,4.5568351840321135,39.52705163938977,2.684080950391776
252.76907203078662,90.23005146569152,86.75528278051117,5.103906899944904,39.98479718076657,3.8138732467114513
232.83006912066833,112.80603627282409,74.37137959966051,3.3511328709324886,39.73407899773231,-1.9226296457258405
219.70852927333627,57.24664407112072,104.38785109096511,4.918071001975981,37.57414369048125,-0.18181707873284747
243.9203401486522,101.50973250831576,65.67368578336487,3.941367049003833,35.00447277353077,7.177787726208174
261.6865800943785,97.45727624335792,87.88226241447967,3.0985525877695617,43.31299052417521,2.956622637287521
232.432567373077,94.63410379270431,79.68679044470936,4.827935815376506,47.3801358292867,0.5708373967112417
259.7542327072382,81.75418853013268,74.1446847898838,5.986047205472284,42.070555995677346,3.1341085168229164
268.4590670989194,86.20698759210106,93.64179462640328,5.1521852140132856,32.11935291734597,6.616290334882058
251.3502377649322,85.76336667103266,86.3603125485571,4.354730661224427,35.103046837341005,1.4523474859613645
183.99235497963204,116.53512532937336,49.447865501571606,5.735830596494706,40.250058781018964,5.687339618358754
262.2558857666542,110.74948266505062,92.67805982286433,2.712578253229848,45.46627729232217,3.857411920315186
210.6387471125048,74.00873333452631,87.6720544428605,5.2503117070485565,39.87556361554039,1.683038173339209
247.0381861685999,109.34630645621185,81.11954455186707,3.0377094133855103,41.09685842463306,4.7173355622377136
305.0565618529609,82.69658490631194,72.80972971994733,2.558790242009067,26.248044223125667,2.65096607079482
271.29891281237485,90.2677850412725,64.97373278101469,4.255881189324065,50.441059509679334,1.4836895666958094
296.8794878018996,113.55583813554261,90.88774716998174,3.8343345634625563,33.46526377653443,2.949092589211136
230.04111927889153,66.91637818801507,80.1186254086755,5.38068971845132,34.23743118612228,2.307529007253747
244.24857744472317,54.024213709236776,53.9251679250589,3.6194617809871623,34.96907125000926,4.467780062330199
243.107651586024,79.08592001350489,44.973998348628676,4.3818144561086205,47.10005173692419,-0.36333192364540157
271.0876272176386,100.28973006089826,77.23172524781378,3.2772671313227777,38.21681655591821,2.892739416983585
301.6040968765291,89.09213884137337,113.23830324631092,2.8252445397461736,28.220286328880967,5.0720641821453
202.3667841744341,102.0852479505143,80.56611349244938,4.173619445029954,36.529184433977555,-0.13835506615714444
239.54436967382082,76.53883094214224,99.11560573745065,3.0140294592246972,39.28242687288032,0.2425130253210761
211.9376154832417,100.73060799194683,64.24674482046598,4.444863699821082,40.27356019302367,5.2782982586101035
152.8560650023092,100.09805096995207,68.32332797141456,5.148709757470756,58.31681164700331,2.2098315992518383
228.0260733751704,92.3672034796504,98.23687589823207,4.012550553579186,33.73931404589415,0.8867754244535164
267.0170561977276,78.37691204386414,107.44253900030695,3.3921244618225277,35.6149603347565,1.029770431228349
229.3086042437148,89.86821177737549,99.55748726809084,3.9718609165910337,44.0675314861183,5.099699169884225
243.4414948374124,86.51183442109118,100.44701391088921,4.2553254123920174,42.97720087906651,3.4163527638343267
235.4336263152325,94.49148593466852,59.72089865600325,3.1567387829209084,37.99242190631949,3.901567592786741
278.2343078252646,100.97700080456254,52.41494504505927,3.091137004776615,43.701479180043,1.3285392333607484
199.28826800916806,107.5581569459014,67.51181750925033,3.210036865137474,38.85127186396734,3.5198841704879738
279.575914491062,110.2830051722911,73.24364376437481,3.2412284456234497,40.77197029808407,6.233872210091327
200.56300770854534,90.1875921752032,107.4823777708558,3.2256542978808462,37.95261948936243,5.969198690065569
228.671418437835,95.16793013200562,81.1495690329713,4.676955025077412,39.414586269279404,1.7857744026356417
238.74749555657925,89.52182218291412,98.68235220941344,3.8290120854587704,33.76011190585253,9.529648273128867
326.2238983831097,112.64723008982627,83.60690485404965,5.7477267751608405,38.329007578052405,3.4393657397349506
216.44297907118016,98.92746211504195,90.77673228813475,3.2022516057769606,49.532487330622516,3.95687396063013
222.88632117345105,75.4938466248349,55.747862311140665,4.2981595188022945,34.434701993512306,1.2697183610099216
239.98693275935585,123.20671703129852,83.72196074224311,5.330343950803401,49.13511384315361,-0.5859670112688002
263.573280538746,108.55402062449886,61.462615229412805,2.7160481194621786,36.67284125586343,3.1888996054402314
254.38531636204004,90.27799099295143,46.284121224567414,4.3245580944453135,35.74526648543163,5.12670594957514
285.1965718317412,87.92442181102535,66.05629045954888,4.977771809067274,34.57647694085581,2.7590243602438127
270.4384419906144,64.18413791666062,82.924357809301,3.800449898671424,35.8088695971788,-0.16825301150393113
229.67804382629092,98.45417846112986,75.83647937995846,4.352286867936598,38.57406810084542,5.7548431010635746
246.7115947235275,99.80726769333461,67.77536327708691,2.751812912309081,25.824553993818668,-0.3589304278147507
281.8651510559942,102.45733138433457,71.65778535945138,5.465195806313279,41.7361372885434,2.989745123377039
281.89704658802145,54.2159352309848,45.03546063635153,2.713017297518054,49.09166960683787,2.4150790395503132
271.07527910609423,113.99743131262161,81.63915679553473,4.332978150719553,47.18300873189441,1.8775254778575958
257.2722928068596,80.48637421319701,97.3743708779223,3.3110122123245693,40.096012049564614,3.5577679395465713
168.99333681242146,75.98784098809976,79.72216642844695,3.488681111571098,35.86750885529463,5.862926540564523
273.85713712998256,91.83661445634975,60.69836162895687,3.2701132590755564,44.37343540007221,-0.3657151333779991
267.8210170658068,105.63178470478323,63.72237216630698,2.1610229937415086,45.67244323137589,2.640682840033974
287.2492607048977,93.30592735305659,57.718318562085585,3.8181419781690327,39.80748841138859,3.5610603955645526
244.18299945772588,115.28366737365047,86.59229446985339,3.6463619411049613,45.66332410433972,1.6099751409796672
282.1532909107159,91.89063481460393,72.43354261382747,4.181357784280908,34.37772049347545,0.43919377384122527
247.79496318807278,96.3698618334032,92.28482375533565,3.845562918257285,40.93295670864881,6.470005996103206
258.16326847280334,99.3419631219741,66.71929560916647,4.239662877293252,34.00045541160857,3.5236507510826023
205.90753576317965,135.00929654351702,111.77659266458664,3.6683267900752323,43.76777368647745,0.23631515356324195
275.68729306792886,104.70232727778772,97.8566973221703,5.084656563166543,43.589567664866365,4.313676195894834
